Time,E (MeV),Flux (pfu)
2022-07-26 06:15,5.0,0.34669104218482905
2022-07-26 06:15,10.0,0.33569103479385304
2022-07-26 06:15,30.0,0.28969103097915605
2022-07-26 06:15,50.0,0.28969103097915605
2022-07-26 06:15,60.0,0.285691052675247
2022-07-26 06:15,100.0,0.283691048622131
2022-07-26 06:15,500.0,0.274691045284271
2022-07-26 06:20,5.0,0.295023113489151
2022-07-26 06:20,10.0,0.285023123025894
2022-07-26 06:20,30.0,0.28202313184738104
2022-07-26 06:20,50.0,0.280023127794265
2022-07-26 06:20,60.0,0.279023110866546
2022-07-26 06:20,100.0,0.27202311158180204
2022-07-26 06:20,500.0,0.260023117065429
2022-07-26 06:25,5.0,0.32869243621826105
2022-07-26 06:25,10.0,0.31769245862960804
2022-07-26 06:25,30.0,0.29369243979454
2022-07-26 06:25,50.0,0.292692452669143
2022-07-26 06:25,60.0,0.292692452669143
2022-07-26 06:25,100.0,0.290692448616027
2022-07-26 06:25,500.0,0.274692445993423
2022-07-26 06:30,5.0,0.369024842977523
2022-07-26 06:30,10.0,0.358024835586547
2022-07-26 06:30,30.0,0.32202485203742903
2022-07-26 06:30,50.0,0.320024847984313
2022-07-26 06:30,60.0,0.318024843931198
2022-07-26 06:30,100.0,0.30602484941482505
2022-07-26 06:30,500.0,0.27602484822273204
2022-07-26 06:35,5.0,0.382691323757171
2022-07-26 06:35,10.0,0.361691325902938
2022-07-26 06:35,30.0,0.286691308021545
2022-07-26 06:35,50.0,0.284691303968429
2022-07-26 06:35,60.0,0.283691316843032
2022-07-26 06:35,100.0,0.28169131278991705
2022-07-26 06:35,500.0,0.274691313505172
2022-07-26 06:40,5.0,0.324691444635391
2022-07-26 06:40,10.0,0.322691440582275
2022-07-26 06:40,30.0,0.306691437959671
2022-07-26 06:40,50.0,0.305691450834274
2022-07-26 06:40,60.0,0.304691433906555
2022-07-26 06:40,100.0,0.293691426515579
2022-07-26 06:40,500.0,0.278691440820693
2022-07-26 06:45,5.0,0.392358481884002
2022-07-26 06:45,10.0,0.342358469963073
2022-07-26 06:45,30.0,0.292358487844467
2022-07-26 06:45,50.0,0.29135847091674805
2022-07-26 06:45,60.0,0.29035848379135104
2022-07-26 06:45,100.0,0.28835847973823503
2022-07-26 06:45,500.0,0.28135848045349104
2022-07-26 06:50,5.0,0.39535677433013905
2022-07-26 06:50,10.0,0.36335679888725203
2022-07-26 06:50,30.0,0.322356790304183
2022-07-26 06:50,50.0,0.319356799125671
2022-07-26 06:50,60.0,0.313356786966323
2022-07-26 06:50,100.0,0.281356781721115
2022-07-26 06:50,500.0,0.26935678720474204
2022-07-26 06:55,5.0,0.329690515995025
2022-07-26 06:55,10.0,0.326690524816513
2022-07-26 06:55,30.0,0.29669052362442
2022-07-26 06:55,50.0,0.291690528392791
2022-07-26 06:55,60.0,0.290690541267395
2022-07-26 06:55,100.0,0.288690537214279
2022-07-26 06:55,500.0,0.270690530538558
2022-07-26 07:00,5.0,0.34802260994911105
2022-07-26 07:00,10.0,0.31602260470390303
2022-07-26 07:00,30.0,0.28002262115478505
2022-07-26 07:00,50.0,0.28002262115478505
2022-07-26 07:00,60.0,0.276022613048553
2022-07-26 07:00,100.0,0.272022604942321
2022-07-26 07:00,500.0,0.26002261042594904
2022-07-26 07:05,5.0,0.355694711208343
2022-07-26 07:05,10.0,0.34269469976425104
2022-07-26 07:05,30.0,0.337694704532623
2022-07-26 07:05,50.0,0.337694704532623
2022-07-26 07:05,60.0,0.336694717407226
2022-07-26 07:05,100.0,0.33369469642639105
2022-07-26 07:05,500.0,0.31469470262527405
2022-07-26 07:10,5.0,0.357693254947662
2022-07-26 07:10,10.0,0.354693233966827
2022-07-26 07:10,30.0,0.329693257808685
2022-07-26 07:10,50.0,0.32669323682785
2022-07-26 07:10,60.0,0.32469326257705605
2022-07-26 07:10,100.0,0.31769323348999
2022-07-26 07:10,500.0,0.30269324779510504
2022-07-26 07:15,5.0,0.32835584878921503
2022-07-26 07:15,10.0,0.317355841398239
2022-07-26 07:15,30.0,0.27635583281517
2022-07-26 07:15,50.0,0.275355845689773
2022-07-26 07:15,60.0,0.27235582470893804
2022-07-26 07:15,100.0,0.26335585117340005
2022-07-26 07:15,500.0,0.257355839014053
2022-07-26 07:20,5.0,0.36035871505737305
2022-07-26 07:20,10.0,0.35735869407653803
2022-07-26 07:20,30.0,0.337358713150024
2022-07-26 07:20,50.0,0.337358713150024
2022-07-26 07:20,60.0,0.334358692169189
2022-07-26 07:20,100.0,0.33035871386528004
2022-07-26 07:20,500.0,0.289358705282211
2022-07-26 07:25,5.0,0.406695067882537
2022-07-26 07:25,10.0,0.386695057153701
2022-07-26 07:25,30.0,0.337695062160491
2022-07-26 07:25,50.0,0.33669507503509505
2022-07-26 07:25,60.0,0.33669507503509505
2022-07-26 07:25,100.0,0.33569505810737604
2022-07-26 07:25,500.0,0.330695062875747
2022-07-26 07:30,5.0,0.408359438180923
2022-07-26 07:30,10.0,0.397359430789947
2022-07-26 07:30,30.0,0.350359439849853
2022-07-26 07:30,50.0,0.348359435796737
2022-07-26 07:30,60.0,0.34435945749282804
2022-07-26 07:30,100.0,0.33535945415496804
2022-07-26 07:30,500.0,0.301359444856643
2022-07-26 07:35,5.0,0.329690754413604
2022-07-26 07:35,10.0,0.31369075179100003
2022-07-26 07:35,30.0,0.299690753221511
2022-07-26 07:35,50.0,0.298690736293792
2022-07-26 07:35,60.0,0.298690736293792
2022-07-26 07:35,100.0,0.29369074106216403
2022-07-26 07:35,500.0,0.27469074726104703
2022-07-26 07:40,5.0,0.296355903148651
2022-07-26 07:40,10.0,0.29335591197013805
2022-07-26 07:40,30.0,0.286355912685394
2022-07-26 07:40,50.0,0.274355888366699
2022-07-26 07:40,60.0,0.268355906009674
2022-07-26 07:40,100.0,0.26035588979721
2022-07-26 07:40,500.0,0.257355898618698
2022-07-26 07:45,5.0,0.374361217021942
2022-07-26 07:45,10.0,0.363361239433288
2022-07-26 07:45,30.0,0.33836123347282404
2022-07-26 07:45,50.0,0.33836123347282404
2022-07-26 07:45,60.0,0.33736121654510504
2022-07-26 07:45,100.0,0.331361234188079
2022-07-26 07:45,500.0,0.313361227512359
2022-07-26 07:50,5.0,0.37902614474296503
2022-07-26 07:50,10.0,0.36002612113952603
2022-07-26 07:50,30.0,0.31102612614631603
2022-07-26 07:50,50.0,0.3090261220932
2022-07-26 07:50,60.0,0.3090261220932
2022-07-26 07:50,100.0,0.307026118040084
2022-07-26 07:50,500.0,0.29202613234519903
2022-07-26 07:55,5.0,0.432691514492034
2022-07-26 07:55,10.0,0.402691513299942
2022-07-26 07:55,30.0,0.32069152593612604
2022-07-26 07:55,50.0,0.31869152188301003
2022-07-26 07:55,60.0,0.317691534757614
2022-07-26 07:55,100.0,0.314691513776779
2022-07-26 07:55,500.0,0.274691522121429
2022-07-26 08:00,5.0,0.36968907713890004
2022-07-26 08:00,10.0,0.337689101696014
2022-07-26 08:00,30.0,0.31368908286094604
2022-07-26 08:00,50.0,0.31168907880783003
2022-07-26 08:00,60.0,0.310689091682434
2022-07-26 08:00,100.0,0.30368909239768904
2022-07-26 08:00,500.0,0.250689089298248
2022-07-26 08:05,5.0,0.37936046719551003
2022-07-26 08:05,10.0,0.336360484361648
2022-07-26 08:05,30.0,0.33136048913002003
2022-07-26 08:05,50.0,0.33136048913002003
2022-07-26 08:05,60.0,0.328360468149185
2022-07-26 08:05,100.0,0.311360478401184
2022-07-26 08:05,500.0,0.297360479831695
2022-07-26 08:10,5.0,0.34602546691894503
2022-07-26 08:10,10.0,0.34302544593811
2022-07-26 08:10,30.0,0.313025474548339
2022-07-26 08:10,50.0,0.31202545762062
2022-07-26 08:10,60.0,0.31002545356750405
2022-07-26 08:10,100.0,0.295025467872619
2022-07-26 08:10,500.0,0.284025460481643
2022-07-26 08:15,5.0,0.281688123941421
2022-07-26 08:15,10.0,0.27868813276290805
2022-07-26 08:15,30.0,0.274688124656677
2022-07-26 08:15,50.0,0.273688107728958
2022-07-26 08:15,60.0,0.26768812537193304
2022-07-26 08:15,100.0,0.25668811798095703
2022-07-26 08:15,500.0,0.242688119411468
2022-07-26 08:20,5.0,0.32802262902259804
2022-07-26 08:20,10.0,0.32602265477180403
2022-07-26 08:20,30.0,0.295022636651992
2022-07-26 08:20,50.0,0.293022632598876
2022-07-26 08:20,60.0,0.28902265429496704
2022-07-26 08:20,100.0,0.27102264761924705
2022-07-26 08:20,500.0,0.26002264022827104
2022-07-26 08:25,5.0,0.389692395925521
2022-07-26 08:25,10.0,0.34369239211082403
2022-07-26 08:25,30.0,0.329692393541336
2022-07-26 08:25,50.0,0.32469239830970703
2022-07-26 08:25,60.0,0.32369241118431
2022-07-26 08:25,100.0,0.31769239902496305
2022-07-26 08:25,500.0,0.29869240522384605
2022-07-26 08:30,5.0,0.342357099056243
2022-07-26 08:30,10.0,0.33935710787773105
2022-07-26 08:30,30.0,0.30135712027549705
2022-07-26 08:30,50.0,0.296357095241546
2022-07-26 08:30,60.0,0.296357095241546
2022-07-26 08:30,100.0,0.295357108116149
2022-07-26 08:30,500.0,0.28135710954666104
2022-07-26 08:35,5.0,0.33369225263595503
2022-07-26 08:35,10.0,0.330692261457443
2022-07-26 08:35,30.0,0.32369226217269903
2022-07-26 08:35,50.0,0.322692245244979
2022-07-26 08:35,60.0,0.318692237138748
2022-07-26 08:35,100.0,0.309692233800888
2022-07-26 08:35,500.0,0.29469224810600203
2022-07-26 08:40,5.0,0.350025117397308
2022-07-26 08:40,10.0,0.347025096416473
2022-07-26 08:40,30.0,0.323025107383728
2022-07-26 08:40,50.0,0.312025099992752
2022-07-26 08:40,60.0,0.308025121688842
2022-07-26 08:40,100.0,0.29802510142326305
2022-07-26 08:40,500.0,0.28802511096000605
2022-07-26 08:45,5.0,0.354356110095977
2022-07-26 08:45,10.0,0.35135611891746504
2022-07-26 08:45,30.0,0.347356110811233
2022-07-26 08:45,50.0,0.33335611224174505
2022-07-26 08:45,60.0,0.326356112957
2022-07-26 08:45,100.0,0.306356132030487
2022-07-26 08:45,500.0,0.26535612344741805
2022-07-26 08:50,5.0,0.305022954940795
2022-07-26 08:50,10.0,0.30202293395996005
2022-07-26 08:50,30.0,0.287022948265075
2022-07-26 08:50,50.0,0.286022931337356
2022-07-26 08:50,60.0,0.286022931337356
2022-07-26 08:50,100.0,0.285022944211959
2022-07-26 08:50,500.0,0.276022940874099
2022-07-26 08:55,5.0,0.42602139711380005
2022-07-26 08:55,10.0,0.38502141833305303
2022-07-26 08:55,30.0,0.331021398305892
2022-07-26 08:55,50.0,0.305021405220031
2022-07-26 08:55,60.0,0.292021423578262
2022-07-26 08:55,100.0,0.268021404743194
2022-07-26 08:55,500.0,0.256021410226821
2022-07-26 09:00,5.0,0.331023663282394
2022-07-26 09:00,10.0,0.321023672819137
2022-07-26 09:00,30.0,0.31402367353439303
2022-07-26 09:00,50.0,0.30702367424964905
2022-07-26 09:00,60.0,0.30502367019653304
2022-07-26 09:00,100.0,0.298023670911788
2022-07-26 09:00,500.0,0.280023664236068
2022-07-26 09:05,5.0,0.334358811378479
2022-07-26 09:05,10.0,0.32035881280899003
2022-07-26 09:05,30.0,0.316358834505081
2022-07-26 09:05,50.0,0.304358810186386
2022-07-26 09:05,60.0,0.30035883188247603
2022-07-26 09:05,100.0,0.29835882782936
2022-07-26 09:05,500.0,0.2893588244915
2022-07-26 09:10,5.0,0.39302504062652505
2022-07-26 09:10,10.0,0.38202503323554904
2022-07-26 09:10,30.0,0.341025054454803
2022-07-26 09:10,50.0,0.339025050401687
2022-07-26 09:10,60.0,0.33602502942085205
2022-07-26 09:10,100.0,0.32502505183219904
2022-07-26 09:10,500.0,0.28402504324913
2022-07-26 09:15,5.0,0.35469102859497004
2022-07-26 09:15,10.0,0.34569102525711004
2022-07-26 09:15,30.0,0.31569102406501703
2022-07-26 09:15,50.0,0.310691028833389
2022-07-26 09:15,60.0,0.30969101190567
2022-07-26 09:15,100.0,0.304691016674041
2022-07-26 09:15,500.0,0.274691015481948
2022-07-26 09:20,5.0,0.351023763418197
2022-07-26 09:20,10.0,0.340023756027221
2022-07-26 09:20,30.0,0.299023747444152
2022-07-26 09:20,50.0,0.29702377319335904
2022-07-26 09:20,60.0,0.293023765087127
2022-07-26 09:20,100.0,0.284023761749267
2022-07-26 09:20,500.0,0.26802375912666304
2022-07-26 09:25,5.0,0.35169211030006403
2022-07-26 09:25,10.0,0.348692119121551
2022-07-26 09:25,30.0,0.32469210028648304
2022-07-26 09:25,50.0,0.321692109107971
2022-07-26 09:25,60.0,0.31669211387634205
2022-07-26 09:25,100.0,0.30669212341308505
2022-07-26 09:25,500.0,0.28669211268424905
2022-07-26 09:30,5.0,0.29035583138465804
2022-07-26 09:30,10.0,0.274355828762054
2022-07-26 09:30,30.0,0.26035583019256503
2022-07-26 09:30,50.0,0.26035583019256503
2022-07-26 09:30,60.0,0.259355843067169
2022-07-26 09:30,100.0,0.256355851888656
2022-07-26 09:30,500.0,0.24935583770275102
2022-07-26 09:35,5.0,0.364358574151992
2022-07-26 09:35,10.0,0.332358568906784
2022-07-26 09:35,30.0,0.30835857987403803
2022-07-26 09:35,50.0,0.307358562946319
2022-07-26 09:35,60.0,0.306358575820922
2022-07-26 09:35,100.0,0.30135858058929405
2022-07-26 09:35,500.0,0.28135856986045804
2022-07-26 09:40,5.0,0.41102492809295604
2022-07-26 09:40,10.0,0.39002493023872303
2022-07-26 09:40,30.0,0.320024937391281
2022-07-26 09:40,50.0,0.30502492189407304
2022-07-26 09:40,60.0,0.299024909734725
2022-07-26 09:40,100.0,0.297024935483932
2022-07-26 09:40,500.0,0.28402492403984003
2022-07-26 09:45,5.0,0.48569178581237704
2022-07-26 09:45,10.0,0.431691795587539
2022-07-26 09:45,30.0,0.325691789388656
2022-07-26 09:45,50.0,0.32269179821014404
2022-07-26 09:45,60.0,0.32269179821014404
2022-07-26 09:45,100.0,0.31269180774688704
2022-07-26 09:45,500.0,0.290691792964935
2022-07-26 09:50,5.0,0.39535862207412703
2022-07-26 09:50,10.0,0.363358616828918
2022-07-26 09:50,30.0,0.32235863804817205
2022-07-26 09:50,50.0,0.31935861706733704
2022-07-26 09:50,60.0,0.317358613014221
2022-07-26 09:50,100.0,0.31035861372947604
2022-07-26 09:50,500.0,0.293358623981475
2022-07-26 09:55,5.0,0.38802686333656305
2022-07-26 09:55,10.0,0.37702685594558705
2022-07-26 09:55,30.0,0.33602684736251803
2022-07-26 09:55,50.0,0.334026843309402
2022-07-26 09:55,60.0,0.334026843309402
2022-07-26 09:55,100.0,0.331026852130889
2022-07-26 09:55,500.0,0.30802685022354104
2022-07-26 10:00,5.0,0.33102348446846
2022-07-26 10:00,10.0,0.328023463487625
2022-07-26 10:00,30.0,0.298023492097854
2022-07-26 10:00,50.0,0.29602348804473805
2022-07-26 10:00,60.0,0.29402348399162204
2022-07-26 10:00,100.0,0.28602346777915905
2022-07-26 10:00,500.0,0.27602347731590204
2022-07-26 10:05,5.0,0.31902119517326305
2022-07-26 10:05,10.0,0.31602120399475103
2022-07-26 10:05,30.0,0.286021202802658
2022-07-26 10:05,50.0,0.281021207571029
2022-07-26 10:05,60.0,0.28002119064331005
2022-07-26 10:05,100.0,0.27702119946479803
2022-07-26 10:05,500.0,0.24802120029926303
2022-07-26 10:10,5.0,0.34735670685768105
2022-07-26 10:10,10.0,0.33635672926902704
2022-07-26 10:10,30.0,0.312356710433959
2022-07-26 10:10,50.0,0.310356706380844
2022-07-26 10:10,60.0,0.309356719255447
2022-07-26 10:10,100.0,0.304356724023818
2022-07-26 10:10,500.0,0.265356719493865
2022-07-26 10:15,5.0,0.41169372200965804
2022-07-26 10:15,10.0,0.389693737030029
2022-07-26 10:15,30.0,0.32169371843338
2022-07-26 10:15,50.0,0.32169371843338
2022-07-26 10:15,60.0,0.319693744182586
2022-07-26 10:15,100.0,0.312693744897842
2022-07-26 10:15,500.0,0.30669373273849404
2022-07-26 10:20,5.0,0.359025359153747
2022-07-26 10:20,10.0,0.34802538156509405
2022-07-26 10:20,30.0,0.30702537298202504
2022-07-26 10:20,50.0,0.305025368928909
2022-07-26 10:20,60.0,0.30002537369728
2022-07-26 10:20,100.0,0.29802536964416504
2022-07-26 10:20,500.0,0.284025371074676
2022-07-26 10:25,5.0,0.33135876059532104
2022-07-26 10:25,10.0,0.33035874366760204
2022-07-26 10:25,30.0,0.30935874581336903
2022-07-26 10:25,50.0,0.306358754634857
2022-07-26 10:25,60.0,0.30035874247550903
2022-07-26 10:25,100.0,0.296358734369277
2022-07-26 10:25,500.0,0.28135874867439203
2022-07-26 10:30,5.0,0.339356541633605
2022-07-26 10:30,10.0,0.32835653424263
2022-07-26 10:30,30.0,0.28735652565956105
2022-07-26 10:30,50.0,0.274356544017791
2022-07-26 10:30,60.0,0.26935651898384
2022-07-26 10:30,100.0,0.26835653185844405
2022-07-26 10:30,500.0,0.261356532573699
2022-07-26 10:35,5.0,0.31869253516197205
2022-07-26 10:35,10.0,0.31569251418113703
2022-07-26 10:35,30.0,0.295692533254623
2022-07-26 10:35,50.0,0.293692529201507
2022-07-26 10:35,60.0,0.292692512273788
2022-07-26 10:35,100.0,0.28969252109527505
2022-07-26 10:35,500.0,0.282692521810531
2022-07-26 10:40,5.0,0.33268895745277405
2022-07-26 10:40,10.0,0.30068895220756503
2022-07-26 10:40,30.0,0.260688960552215
2022-07-26 10:40,50.0,0.259688943624496
2022-07-26 10:40,60.0,0.25768893957138
2022-07-26 10:40,100.0,0.249688953161239
2022-07-26 10:40,500.0,0.238688945770263
2022-07-26 10:45,5.0,0.45836076140403703
2022-07-26 10:45,10.0,0.436360776424407
2022-07-26 10:45,30.0,0.34636077284812905
2022-07-26 10:45,50.0,0.3413607776165
2022-07-26 10:45,60.0,0.3413607776165
2022-07-26 10:45,100.0,0.33436077833175604
2022-07-26 10:45,500.0,0.30536076426506004
2022-07-26 10:50,5.0,0.340355187654495
2022-07-26 10:50,10.0,0.308355182409286
2022-07-26 10:50,30.0,0.26735517382621704
2022-07-26 10:50,50.0,0.26635518670082003
2022-07-26 10:50,60.0,0.26535516977310103
2022-07-26 10:50,100.0,0.263355195522308
2022-07-26 10:50,500.0,0.24935518205165802
2022-07-26 10:55,5.0,0.355360001325607
2022-07-26 10:55,10.0,0.352359980344772
2022-07-26 10:55,30.0,0.332359999418258
2022-07-26 10:55,50.0,0.332359999418258
2022-07-26 10:55,60.0,0.32736000418663
2022-07-26 10:55,100.0,0.324359983205795
2022-07-26 10:55,500.0,0.305359989404678
2022-07-26 11:00,5.0,0.304688721895217
2022-07-26 11:00,10.0,0.295688718557357
2022-07-26 11:00,30.0,0.25168871879577603
2022-07-26 11:00,50.0,0.24868871271610202
2022-07-26 11:00,60.0,0.24868871271610202
2022-07-26 11:00,100.0,0.24568870663642803
2022-07-26 11:00,500.0,0.23868870735168402
2022-07-26 11:05,5.0,0.354358553886413
2022-07-26 11:05,10.0,0.351358532905578
2022-07-26 11:05,30.0,0.326358526945114
2022-07-26 11:05,50.0,0.32435855269432
2022-07-26 11:05,60.0,0.32135853171348505
2022-07-26 11:05,100.0,0.30835855007171603
2022-07-26 11:05,500.0,0.28135854005813604
2022-07-26 11:10,5.0,0.330022037029266
2022-07-26 11:10,10.0,0.310022056102752
2022-07-26 11:10,30.0,0.26102203130722
2022-07-26 11:10,50.0,0.258022040128707
2022-07-26 11:10,60.0,0.25602203607559204
2022-07-26 11:10,100.0,0.24902203679084703
2022-07-26 11:10,500.0,0.24402204155921903
2022-07-26 11:15,5.0,0.33169159293174705
2022-07-26 11:15,10.0,0.32069158554077104
2022-07-26 11:15,30.0,0.296691596508026
2022-07-26 11:15,50.0,0.295691609382629
2022-07-26 11:15,60.0,0.29269158840179405
2022-07-26 11:15,100.0,0.289691597223281
2022-07-26 11:15,500.0,0.28269159793853704
2022-07-26 11:20,5.0,0.368359208106994
2022-07-26 11:20,10.0,0.359359204769134
2022-07-26 11:20,30.0,0.31535920500755305
2022-07-26 11:20,50.0,0.31335920095443703
2022-07-26 11:20,60.0,0.310359209775924
2022-07-26 11:20,100.0,0.308359205722808
2022-07-26 11:20,500.0,0.289359211921691
2022-07-26 11:25,5.0,0.321691304445266
2022-07-26 11:25,10.0,0.31969130039215005
2022-07-26 11:25,30.0,0.29969131946563704
2022-07-26 11:25,50.0,0.29769131541252103
2022-07-26 11:25,60.0,0.295691311359405
2022-07-26 11:25,100.0,0.286691308021545
2022-07-26 11:25,500.0,0.274691313505172
2022-07-26 11:30,5.0,0.327027529478073
2022-07-26 11:30,10.0,0.325027525424957
2022-07-26 11:30,30.0,0.32102751731872503
2022-07-26 11:30,50.0,0.320027530193328
2022-07-26 11:30,60.0,0.318027526140213
2022-07-26 11:30,100.0,0.316027522087097
2022-07-26 11:30,500.0,0.300027519464492
2022-07-26 11:35,5.0,0.31336021423339805
2022-07-26 11:35,10.0,0.31236022710800104
2022-07-26 11:35,30.0,0.29536023736
2022-07-26 11:35,50.0,0.29336023330688404
2022-07-26 11:35,60.0,0.289360225200653
2022-07-26 11:35,100.0,0.287360221147537
2022-07-26 11:35,500.0,0.27336022257804804
2022-07-26 11:40,5.0,0.32136586308479304
2022-07-26 11:40,10.0,0.319365859031677
2022-07-26 11:40,30.0,0.317365854978561
2022-07-26 11:40,50.0,0.31336584687232905
2022-07-26 11:40,60.0,0.31236585974693304
2022-07-26 11:40,100.0,0.310365855693817
2022-07-26 11:40,500.0,0.305365860462188
2022-07-26 11:45,5.0,0.33936402201652505
2022-07-26 11:45,10.0,0.32036402821540805
2022-07-26 11:45,30.0,0.31436401605606
2022-07-26 11:45,50.0,0.312364012002944
2022-07-26 11:45,60.0,0.31136402487754805
2022-07-26 11:45,100.0,0.30736401677131603
2022-07-26 11:45,500.0,0.293364018201828
2022-07-26 11:50,5.0,0.334029495716094
2022-07-26 11:50,10.0,0.32502949237823403
2022-07-26 11:50,30.0,0.30002948641777
2022-07-26 11:50,50.0,0.29902946949005105
2022-07-26 11:50,60.0,0.29802948236465404
2022-07-26 11:50,100.0,0.295029491186141
2022-07-26 11:50,500.0,0.284029483795166
2022-07-26 11:55,5.0,0.360698014497756
2022-07-26 11:55,10.0,0.35769802331924405
2022-07-26 11:55,30.0,0.33869802951812705
2022-07-26 11:55,50.0,0.33769801259040805
2022-07-26 11:55,60.0,0.333698034286499
2022-07-26 11:55,100.0,0.31969803571701
2022-07-26 11:55,500.0,0.290698021650314
2022-07-26 12:00,5.0,0.387700736522674
2022-07-26 12:00,10.0,0.38470071554183904
2022-07-26 12:00,30.0,0.35370072722435
2022-07-26 12:00,50.0,0.33770072460174505
2022-07-26 12:00,60.0,0.329700708389282
2022-07-26 12:00,100.0,0.32670071721076904
2022-07-26 12:00,500.0,0.31470072269439703
2022-07-26 12:05,5.0,0.334029525518417
2022-07-26 12:05,10.0,0.323029518127441
2022-07-26 12:05,30.0,0.286029517650604
2022-07-26 12:05,50.0,0.284029513597488
2022-07-26 12:05,60.0,0.281029522418975
2022-07-26 12:05,100.0,0.27802953124046303
2022-07-26 12:05,500.0,0.272029519081115
2022-07-26 12:10,5.0,0.369030505418777
2022-07-26 12:10,10.0,0.348030507564544
2022-07-26 12:10,30.0,0.29703050851821905
2022-07-26 12:10,50.0,0.29603052139282204
2022-07-26 12:10,60.0,0.29403051733970603
2022-07-26 12:10,100.0,0.28403049707412703
2022-07-26 12:10,500.0,0.27603051066398604
2022-07-26 12:15,5.0,0.375364542007446
2022-07-26 12:15,10.0,0.347364544868469
2022-07-26 12:15,30.0,0.29336455464363104
2022-07-26 12:15,50.0,0.29236453771591103
2022-07-26 12:15,60.0,0.291364550590515
2022-07-26 12:15,100.0,0.287364542484283
2022-07-26 12:15,500.0,0.277364552021026
2022-07-26 12:20,5.0,0.32203292846679604
2022-07-26 12:20,10.0,0.32003295421600303
2022-07-26 12:20,30.0,0.315032929182052
2022-07-26 12:20,50.0,0.31303295493125904
2022-07-26 12:20,60.0,0.31003293395042403
2022-07-26 12:20,100.0,0.30203294754028304
2022-07-26 12:20,500.0,0.28403294086456304
2022-07-26 12:25,5.0,0.31236433982849104
2022-07-26 12:25,10.0,0.31036433577537503
2022-07-26 12:25,30.0,0.30236431956291204
2022-07-26 12:25,50.0,0.297364324331283
2022-07-26 12:25,60.0,0.297364324331283
2022-07-26 12:25,100.0,0.295364320278167
2022-07-26 12:25,500.0,0.269364327192306
2022-07-26 12:30,5.0,0.38436678051948503
2022-07-26 12:30,10.0,0.363366782665252
2022-07-26 12:30,30.0,0.312366783618927
2022-07-26 12:30,50.0,0.31136679649353005
2022-07-26 12:30,60.0,0.30836677551269503
2022-07-26 12:30,100.0,0.30736678838729803
2022-07-26 12:30,500.0,0.28936678171157804
2022-07-26 12:35,5.0,0.394694775342941
2022-07-26 12:35,10.0,0.348694771528244
2022-07-26 12:35,30.0,0.28369477391242903
2022-07-26 12:35,50.0,0.28369477391242903
2022-07-26 12:35,60.0,0.280694782733917
2022-07-26 12:35,100.0,0.26469478011131203
2022-07-26 12:35,500.0,0.246694773435592
2022-07-26 12:40,5.0,0.37570255994796703
2022-07-26 12:40,10.0,0.36570256948471
2022-07-26 12:40,30.0,0.353702574968338
2022-07-26 12:40,50.0,0.352702558040618
2022-07-26 12:40,60.0,0.34970256686210605
2022-07-26 12:40,100.0,0.33770257234573303
2022-07-26 12:40,500.0,0.314702570438385
2022-07-26 12:45,5.0,0.45436802506446805
2022-07-26 12:45,10.0,0.40436804294586104
2022-07-26 12:45,30.0,0.340368032455444
2022-07-26 12:45,50.0,0.33736804127693104
2022-07-26 12:45,60.0,0.33536803722381503
2022-07-26 12:45,100.0,0.325368046760559
2022-07-26 12:45,500.0,0.305368036031723
2022-07-26 12:50,5.0,0.295362740755081
2022-07-26 12:50,10.0,0.29236274957656805
2022-07-26 12:50,30.0,0.28736275434494
2022-07-26 12:50,50.0,0.28736275434494
2022-07-26 12:50,60.0,0.284362733364105
2022-07-26 12:50,100.0,0.27136275172233504
2022-07-26 12:50,500.0,0.265362739562988
2022-07-26 12:55,5.0,0.360029309988021
2022-07-26 12:55,10.0,0.358029335737228
2022-07-26 12:55,30.0,0.322029322385787
2022-07-26 12:55,50.0,0.303029328584671
2022-07-26 12:55,60.0,0.290029317140579
2022-07-26 12:55,100.0,0.27802932262420604
2022-07-26 12:55,500.0,0.264029324054718
2022-07-26 13:00,5.0,0.333031058311462
2022-07-26 13:00,10.0,0.322031080722808
2022-07-26 13:00,30.0,0.29003107547760004
2022-07-26 13:00,50.0,0.29003107547760004
2022-07-26 13:00,60.0,0.28803107142448403
2022-07-26 13:00,100.0,0.27903106808662403
2022-07-26 13:00,500.0,0.272031068801879
2022-07-26 13:05,5.0,0.290694862604141
2022-07-26 13:05,10.0,0.281694859266281
2022-07-26 13:05,30.0,0.27469485998153603
2022-07-26 13:05,50.0,0.269694864749908
2022-07-26 13:05,60.0,0.268694847822189
2022-07-26 13:05,100.0,0.26369485259056
2022-07-26 13:05,500.0,0.24269485473632801
2022-07-26 13:10,5.0,0.35637095570564203
2022-07-26 13:10,10.0,0.35537093877792303
2022-07-26 13:10,30.0,0.333370953798294
2022-07-26 13:10,50.0,0.33037093281745905
2022-07-26 13:10,60.0,0.32937094569206204
2022-07-26 13:10,100.0,0.322370946407318
2022-07-26 13:10,500.0,0.313370943069458
2022-07-26 13:15,5.0,0.312363475561141
2022-07-26 13:15,10.0,0.301363468170166
2022-07-26 13:15,30.0,0.279363453388214
2022-07-26 13:15,50.0,0.27736347913742004
2022-07-26 13:15,60.0,0.273363471031188
2022-07-26 13:15,100.0,0.269363462924957
2022-07-26 13:15,500.0,0.24936346709728202
2022-07-26 13:20,5.0,0.32170256972312905
2022-07-26 13:20,10.0,0.31970259547233504
2022-07-26 13:20,30.0,0.315702587366104
2022-07-26 13:20,50.0,0.31070259213447504
2022-07-26 13:20,60.0,0.30970257520675604
2022-07-26 13:20,100.0,0.306702584028244
2022-07-26 13:20,500.0,0.29070258140563904
2022-07-26 13:25,5.0,0.340036302804946
2022-07-26 13:25,10.0,0.32403630018234203
2022-07-26 13:25,30.0,0.310036301612854
2022-07-26 13:25,50.0,0.30803629755973805
2022-07-26 13:25,60.0,0.30503630638122503
2022-07-26 13:25,100.0,0.301036298274993
2022-07-26 13:25,500.0,0.292036294937133
2022-07-26 13:30,5.0,0.411373853683471
2022-07-26 13:30,10.0,0.39937385916709905
2022-07-26 13:30,30.0,0.374373853206634
2022-07-26 13:30,50.0,0.36737385392189004
2022-07-26 13:30,60.0,0.365373849868774
2022-07-26 13:30,100.0,0.362373858690261
2022-07-26 13:30,500.0,0.313373863697052
2022-07-26 13:35,5.0,0.38070714473724304
2022-07-26 13:35,10.0,0.33370712399482705
2022-07-26 13:35,30.0,0.319707125425338
2022-07-26 13:35,50.0,0.317707121372222
2022-07-26 13:35,60.0,0.316707134246826
2022-07-26 13:35,100.0,0.315707147121429
2022-07-26 13:35,500.0,0.30270713567733704
2022-07-26 13:40,5.0,0.336371213197708
2022-07-26 13:40,10.0,0.333371192216873
2022-07-26 13:40,30.0,0.32937121391296303
2022-07-26 13:40,50.0,0.31237119436264005
2022-07-26 13:40,60.0,0.30237120389938305
2022-07-26 13:40,100.0,0.298371195793151
2022-07-26 13:40,500.0,0.28137120604515004
2022-07-26 13:45,5.0,0.316034406423568
2022-07-26 13:45,10.0,0.30403441190719604
2022-07-26 13:45,30.0,0.272034406661987
2022-07-26 13:45,50.0,0.272034406661987
2022-07-26 13:45,60.0,0.271034389734268
2022-07-26 13:45,100.0,0.270034402608871
2022-07-26 13:45,500.0,0.25603440403938205
2022-07-26 13:50,5.0,0.272700726985931
2022-07-26 13:50,10.0,0.26970073580741805
2022-07-26 13:50,30.0,0.26470074057579
2022-07-26 13:50,50.0,0.26470074057579
2022-07-26 13:50,60.0,0.263700723648071
2022-07-26 13:50,100.0,0.25970074534416204
2022-07-26 13:50,500.0,0.24670073390007002
2022-07-26 13:55,5.0,0.340706080198287
2022-07-26 13:55,10.0,0.32370609045028603
2022-07-26 13:55,30.0,0.310706079006195
2022-07-26 13:55,50.0,0.30770608782768205
2022-07-26 13:55,60.0,0.30770608782768205
2022-07-26 13:55,100.0,0.302706092596054
2022-07-26 13:55,500.0,0.28670608997344904
2022-07-26 14:00,5.0,0.35603919625282204
2022-07-26 14:00,10.0,0.35303920507431
2022-07-26 14:00,30.0,0.34803920984268105
2022-07-26 14:00,50.0,0.33603918552398604
2022-07-26 14:00,60.0,0.330039203166961
2022-07-26 14:00,100.0,0.30803918838500904
2022-07-26 14:00,500.0,0.284039199352264
2022-07-26 14:05,5.0,0.34537029266357405
2022-07-26 14:05,10.0,0.33437031507492004
2022-07-26 14:05,30.0,0.309370309114456
2022-07-26 14:05,50.0,0.308370292186737
2022-07-26 14:05,60.0,0.30637028813362105
2022-07-26 14:05,100.0,0.29637029767036405
2022-07-26 14:05,500.0,0.261370301246643
2022-07-26 14:10,5.0,0.30170267820358204
2022-07-26 14:10,10.0,0.29070270061492903
2022-07-26 14:10,30.0,0.26770269870758
2022-07-26 14:10,50.0,0.266702681779861
2022-07-26 14:10,60.0,0.265702694654464
2022-07-26 14:10,100.0,0.260702699422836
2022-07-26 14:10,500.0,0.254702687263488
2022-07-26 14:15,5.0,0.33470761775970403
2022-07-26 14:15,10.0,0.331707626581192
2022-07-26 14:15,30.0,0.329707622528076
2022-07-26 14:15,50.0,0.32770761847496005
2022-07-26 14:15,60.0,0.32470762729644703
2022-07-26 14:15,100.0,0.31470760703086803
2022-07-26 14:15,500.0,0.290707617998123
2022-07-26 14:20,5.0,0.322039127349853
2022-07-26 14:20,10.0,0.312039136886596
2022-07-26 14:20,30.0,0.29703912138938904
2022-07-26 14:20,50.0,0.29603913426399203
2022-07-26 14:20,60.0,0.291039109230041
2022-07-26 14:20,100.0,0.28703913092613204
2022-07-26 14:20,500.0,0.27603912353515603
2022-07-26 14:25,5.0,0.376374155282974
2022-07-26 14:25,10.0,0.354374170303344
2022-07-26 14:25,30.0,0.30237415432929904
2022-07-26 14:25,50.0,0.30137416720390303
2022-07-26 14:25,60.0,0.30137416720390303
2022-07-26 14:25,100.0,0.296374171972274
2022-07-26 14:25,500.0,0.285374164581298
2022-07-26 14:30,5.0,0.369373589754104
2022-07-26 14:30,10.0,0.36837357282638505
2022-07-26 14:30,30.0,0.31837359070777804
2022-07-26 14:30,50.0,0.313373565673828
2022-07-26 14:30,60.0,0.312373578548431
2022-07-26 14:30,100.0,0.311373591423034
2022-07-26 14:30,500.0,0.28937357664108204
2022-07-26 14:35,5.0,0.41970843076705905
2022-07-26 14:35,10.0,0.41770842671394304
2022-07-26 14:35,30.0,0.366708427667617
2022-07-26 14:35,50.0,0.35070842504501304
2022-07-26 14:35,60.0,0.34070843458175604
2022-07-26 14:35,100.0,0.315708428621292
2022-07-26 14:35,500.0,0.298708438873291
2022-07-26 14:40,5.0,0.344703823328018
2022-07-26 14:40,10.0,0.333703815937042
2022-07-26 14:40,30.0,0.31070381402969305
2022-07-26 14:40,50.0,0.31070381402969305
2022-07-26 14:40,60.0,0.304703831672668
2022-07-26 14:40,100.0,0.282703816890716
2022-07-26 14:40,500.0,0.27070382237434304
2022-07-26 14:45,5.0,0.415704280138015
2022-07-26 14:45,10.0,0.38270428776741006
2022-07-26 14:45,30.0,0.335704267024993
2022-07-26 14:45,50.0,0.33270427584648105
2022-07-26 14:45,60.0,0.32370427250862105
2022-07-26 14:45,100.0,0.29270428419113104
2022-07-26 14:45,500.0,0.27470427751541104
2022-07-26 14:50,5.0,0.290700078010559
2022-07-26 14:50,10.0,0.287700086832046
2022-07-26 14:50,30.0,0.28270009160041804
2022-07-26 14:50,50.0,0.271700084209442
2022-07-26 14:50,60.0,0.270700067281723
2022-07-26 14:50,100.0,0.26370006799697804
2022-07-26 14:50,500.0,0.24670007824897702
2022-07-26 14:55,5.0,0.375704139471054
2022-07-26 14:55,10.0,0.355704128742218
2022-07-26 14:55,30.0,0.304704129695892
2022-07-26 14:55,50.0,0.30170413851737904
2022-07-26 14:55,60.0,0.29970413446426303
2022-07-26 14:55,100.0,0.29270413517951904
2022-07-26 14:55,500.0,0.278704136610031
2022-07-26 15:00,5.0,0.46470370888710005
2022-07-26 15:00,10.0,0.36570373177528304
2022-07-26 15:00,30.0,0.302703708410263
2022-07-26 15:00,50.0,0.30070373415946905
2022-07-26 15:00,60.0,0.30070373415946905
2022-07-26 15:00,100.0,0.294703722000122
2022-07-26 15:00,500.0,0.27870371937751703
2022-07-26 15:05,5.0,0.30136901140213
2022-07-26 15:05,10.0,0.298369020223617
2022-07-26 15:05,30.0,0.291369020938873
2022-07-26 15:05,50.0,0.289369016885757
2022-07-26 15:05,60.0,0.28636899590492204
2022-07-26 15:05,100.0,0.280369013547897
2022-07-26 15:05,500.0,0.269369006156921
2022-07-26 15:10,5.0,0.32637041807174605
2022-07-26 15:10,10.0,0.32337039709091103
2022-07-26 15:10,30.0,0.299370408058166
2022-07-26 15:10,50.0,0.29737040400505005
2022-07-26 15:10,60.0,0.293370395898818
2022-07-26 15:10,100.0,0.291370421648025
2022-07-26 15:10,500.0,0.28537040948867803
2022-07-26 15:15,5.0,0.36603939533233604
2022-07-26 15:15,10.0,0.36503937840461703
2022-07-26 15:15,30.0,0.342039376497268
2022-07-26 15:15,50.0,0.34003940224647505
2022-07-26 15:15,60.0,0.332039386034011
2022-07-26 15:15,100.0,0.31503939628601
2022-07-26 15:15,500.0,0.304039388895034
2022-07-26 15:20,5.0,0.33303424715995705
2022-07-26 15:20,10.0,0.32203423976898105
2022-07-26 15:20,30.0,0.285034239292144
2022-07-26 15:20,50.0,0.28303423523902804
2022-07-26 15:20,60.0,0.28103423118591303
2022-07-26 15:20,100.0,0.27103424072265603
2022-07-26 15:20,500.0,0.26403424143791204
2022-07-26 15:25,5.0,0.34570196270942605
2022-07-26 15:25,10.0,0.34470197558403004
2022-07-26 15:25,30.0,0.321701973676681
2022-07-26 15:25,50.0,0.319701969623565
2022-07-26 15:25,60.0,0.31470197439193703
2022-07-26 15:25,100.0,0.289701968431472
2022-07-26 15:25,500.0,0.26670196652412403
2022-07-26 15:30,5.0,0.37804254889488204
2022-07-26 15:30,10.0,0.376042544841766
2022-07-26 15:30,30.0,0.35004255175590504
2022-07-26 15:30,50.0,0.35004255175590504
2022-07-26 15:30,60.0,0.34904256463050803
2022-07-26 15:30,100.0,0.34804254770278903
2022-07-26 15:30,500.0,0.32004255056381203
2022-07-26 15:35,5.0,0.337038546800613
2022-07-26 15:35,10.0,0.327038556337356
2022-07-26 15:35,30.0,0.32203856110572804
2022-07-26 15:35,50.0,0.32203856110572804
2022-07-26 15:35,60.0,0.320038557052612
2022-07-26 15:35,100.0,0.31203857064247104
2022-07-26 15:35,500.0,0.29203855991363503
2022-07-26 15:40,5.0,0.32237270474433904
2022-07-26 15:40,10.0,0.31937268376350403
2022-07-26 15:40,30.0,0.31237268447875904
2022-07-26 15:40,50.0,0.307372689247131
2022-07-26 15:40,60.0,0.306372702121734
2022-07-26 15:40,100.0,0.305372685194015
2022-07-26 15:40,500.0,0.29337269067764205
2022-07-26 15:45,5.0,0.420372426509857
2022-07-26 15:45,10.0,0.38837242126464805
2022-07-26 15:45,30.0,0.33937242627143804
2022-07-26 15:45,50.0,0.32137241959571805
2022-07-26 15:45,60.0,0.31137242913246105
2022-07-26 15:45,100.0,0.30637240409851
2022-07-26 15:45,500.0,0.28937241435050903
2022-07-26 15:50,5.0,0.33970382809638905
2022-07-26 15:50,10.0,0.33670383691787703
2022-07-26 15:50,30.0,0.29970383644104004
2022-07-26 15:50,50.0,0.286703824996948
2022-07-26 15:50,60.0,0.28170382976531905
2022-07-26 15:50,100.0,0.27870383858680703
2022-07-26 15:50,500.0,0.274703830480575
2022-07-26 15:55,5.0,0.37571185827255205
2022-07-26 15:55,10.0,0.35471186041831904
2022-07-26 15:55,30.0,0.34671187400817804
2022-07-26 15:55,50.0,0.34471186995506203
2022-07-26 15:55,60.0,0.343711882829666
2022-07-26 15:55,100.0,0.340711861848831
2022-07-26 15:55,500.0,0.330711871385574
2022-07-26 16:00,5.0,0.29703900218009904
2022-07-26 16:00,10.0,0.294039011001586
2022-07-26 16:00,30.0,0.28703901171684204
2022-07-26 16:00,50.0,0.28603902459144503
2022-07-26 16:00,60.0,0.28503900766372603
2022-07-26 16:00,100.0,0.28503900766372603
2022-07-26 16:00,500.0,0.280039012432098
2022-07-26 16:05,5.0,0.326038241386413
2022-07-26 16:05,10.0,0.317038238048553
2022-07-26 16:05,30.0,0.29203826189041104
2022-07-26 16:05,50.0,0.289038240909576
2022-07-26 16:05,60.0,0.288038253784179
2022-07-26 16:05,100.0,0.28303825855255105
2022-07-26 16:05,500.0,0.27203825116157504
2022-07-26 16:10,5.0,0.286035776138305
2022-07-26 16:10,10.0,0.28303575515747004
2022-07-26 16:10,30.0,0.276035755872726
2022-07-26 16:10,50.0,0.27503576874732905
2022-07-26 16:10,60.0,0.268035769462585
2022-07-26 16:10,100.0,0.26303577423095703
2022-07-26 16:10,500.0,0.252035766839981
2022-07-26 16:15,5.0,0.474377214908599
2022-07-26 16:15,10.0,0.44137722253799405
2022-07-26 16:15,30.0,0.38537722826004
2022-07-26 16:15,50.0,0.366377234458923
2022-07-26 16:15,60.0,0.36037722229957503
2022-07-26 16:15,100.0,0.34337723255157404
2022-07-26 16:15,500.0,0.30937722325325
2022-07-26 16:20,5.0,0.37237334251403803
2022-07-26 16:20,10.0,0.360373347997665
2022-07-26 16:20,30.0,0.319373339414596
2022-07-26 16:20,50.0,0.31837335228919905
2022-07-26 16:20,60.0,0.313373357057571
2022-07-26 16:20,100.0,0.289373338222503
2022-07-26 16:20,500.0,0.27737334370613104
2022-07-26 16:25,5.0,0.332042127847671
2022-07-26 16:25,10.0,0.331042140722274
2022-07-26 16:25,30.0,0.31704214215278603
2022-07-26 16:25,50.0,0.31704214215278603
2022-07-26 16:25,60.0,0.31504213809967
2022-07-26 16:25,100.0,0.30804213881492604
2022-07-26 16:25,500.0,0.292042136192321
2022-07-26 16:30,5.0,0.31837520003318703
2022-07-26 16:30,10.0,0.315375208854675
2022-07-26 16:30,30.0,0.31037518382072404
2022-07-26 16:30,50.0,0.30937519669532704
2022-07-26 16:30,60.0,0.306375205516815
2022-07-26 16:30,100.0,0.30337518453598
2022-07-26 16:30,500.0,0.293375194072723
2022-07-26 16:35,5.0,0.31237107515335
2022-07-26 16:35,10.0,0.30237108469009405
2022-07-26 16:35,30.0,0.277371078729629
2022-07-26 16:35,50.0,0.276371091604232
2022-07-26 16:35,60.0,0.276371091604232
2022-07-26 16:35,100.0,0.275371074676513
2022-07-26 16:35,500.0,0.265371084213256
2022-07-26 16:40,5.0,0.342373669147491
2022-07-26 16:40,10.0,0.33937367796897805
2022-07-26 16:40,30.0,0.33437368273735
2022-07-26 16:40,50.0,0.31737366318702703
2022-07-26 16:40,60.0,0.311373680830001
2022-07-26 16:40,100.0,0.29937368631362904
2022-07-26 16:40,500.0,0.277373671531677
2022-07-26 16:45,5.0,0.30870172381401
2022-07-26 16:45,10.0,0.297701716423034
2022-07-26 16:45,30.0,0.27470171451568604
2022-07-26 16:45,50.0,0.27370172739028903
2022-07-26 16:45,60.0,0.270701706409454
2022-07-26 16:45,100.0,0.267701715230941
2022-07-26 16:45,500.0,0.246701717376708
2022-07-26 16:50,5.0,0.371704846620559
2022-07-26 16:50,10.0,0.328704833984375
2022-07-26 16:50,30.0,0.28570482134819003
2022-07-26 16:50,50.0,0.284704834222793
2022-07-26 16:50,60.0,0.283704847097396
2022-07-26 16:50,100.0,0.279704838991165
2022-07-26 16:50,500.0,0.270704835653305
2022-07-26 16:55,5.0,0.346706837415695
2022-07-26 16:55,10.0,0.344706833362579
2022-07-26 16:55,30.0,0.34070685505867004
2022-07-26 16:55,50.0,0.326706856489181
2022-07-26 16:55,60.0,0.31870684027671803
2022-07-26 16:55,100.0,0.304706841707229
2022-07-26 16:55,500.0,0.29070684313774103
2022-07-26 17:00,5.0,0.34937670826911904
2022-07-26 17:00,10.0,0.346376687288284
2022-07-26 17:00,30.0,0.33937668800354004
2022-07-26 17:00,50.0,0.334376692771911
2022-07-26 17:00,60.0,0.333376705646514
2022-07-26 17:00,100.0,0.327376693487167
2022-07-26 17:00,500.0,0.313376694917678
2022-07-26 17:05,5.0,0.395378440618515
2022-07-26 17:05,10.0,0.384378433227539
2022-07-26 17:05,30.0,0.35937842726707403
2022-07-26 17:05,50.0,0.357378423213958
2022-07-26 17:05,60.0,0.355378419160842
2022-07-26 17:05,100.0,0.344378411769866
2022-07-26 17:05,500.0,0.329378426074981
2022-07-26 17:10,5.0,0.342038065195083
2022-07-26 17:10,10.0,0.33903804421424805
2022-07-26 17:10,30.0,0.33403804898262
2022-07-26 17:10,50.0,0.32903805375099104
2022-07-26 17:10,60.0,0.32903805375099104
2022-07-26 17:10,100.0,0.323038071393966
2022-07-26 17:10,500.0,0.28003805875778204
2022-07-26 17:15,5.0,0.31703785061836204
2022-07-26 17:15,10.0,0.30703786015510504
2022-07-26 17:15,30.0,0.30003786087036105
2022-07-26 17:15,50.0,0.29703786969184803
2022-07-26 17:15,60.0,0.29603785276412903
2022-07-26 17:15,100.0,0.293037861585617
2022-07-26 17:15,500.0,0.284037858247756
2022-07-26 17:25,5.0,0.33036014437675404
2022-07-26 17:25,10.0,0.31936013698577803
2022-07-26 17:25,30.0,0.294360160827636
2022-07-26 17:25,50.0,0.294360160827636
2022-07-26 17:25,60.0,0.29236015677452004
2022-07-26 17:25,100.0,0.28136014938354403
2022-07-26 17:25,500.0,0.27436015009880005
2022-07-26 17:30,5.0,0.336035460233688
2022-07-26 17:30,10.0,0.324035465717315
2022-07-26 17:30,30.0,0.28203547000885004
2022-07-26 17:30,50.0,0.28003546595573403
2022-07-26 17:30,60.0,0.279035478830337
2022-07-26 17:30,100.0,0.276035457849502
2022-07-26 17:30,500.0,0.268035471439361
2022-07-26 17:35,5.0,0.299032121896743
2022-07-26 17:35,10.0,0.29503211379051203
2022-07-26 17:35,30.0,0.265032112598419
2022-07-26 17:35,50.0,0.262032121419906
2022-07-26 17:35,60.0,0.26003211736679
2022-07-26 17:35,100.0,0.255032122135162
2022-07-26 17:35,500.0,0.248032107949256
2022-07-26 17:40,5.0,0.35570481419563205
2022-07-26 17:40,10.0,0.341704815626144
2022-07-26 17:40,30.0,0.31770482659339905
2022-07-26 17:40,50.0,0.313704818487167
2022-07-26 17:40,60.0,0.313704818487167
2022-07-26 17:40,100.0,0.308704823255538
2022-07-26 17:40,500.0,0.29470482468605
2022-07-26 17:45,5.0,0.33870497345924305
2022-07-26 17:45,10.0,0.329704970121383
2022-07-26 17:45,30.0,0.322704970836639
2022-07-26 17:45,50.0,0.321704983711242
2022-07-26 17:45,60.0,0.321704983711242
2022-07-26 17:45,100.0,0.31770497560501104
2022-07-26 17:45,500.0,0.294704973697662
2022-07-26 17:50,5.0,0.34170138835906905
2022-07-26 17:50,10.0,0.33870139718055703
2022-07-26 17:50,30.0,0.33170139789581304
2022-07-26 17:50,50.0,0.317701399326324
2022-07-26 17:50,60.0,0.31070140004158003
2022-07-26 17:50,100.0,0.289701372385025
2022-07-26 17:50,500.0,0.27470138669013905
2022-07-26 17:55,5.0,0.39037129282951305
2022-07-26 17:55,10.0,0.376371294260025
2022-07-26 17:55,30.0,0.346371293067932
2022-07-26 17:55,50.0,0.33937129378318703
2022-07-26 17:55,60.0,0.33837127685546803
2022-07-26 17:55,100.0,0.33237129449844305
2022-07-26 17:55,500.0,0.305371284484863
2022-07-26 18:00,5.0,0.44836607575416504
2022-07-26 18:00,10.0,0.42236608266830405
2022-07-26 18:00,30.0,0.310366064310073
2022-07-26 18:00,50.0,0.307366073131561
2022-07-26 18:00,60.0,0.306366056203842
2022-07-26 18:00,100.0,0.301366060972213
2022-07-26 18:00,500.0,0.261366069316864
2022-07-26 18:05,5.0,0.335371285676956
2022-07-26 18:05,10.0,0.33037129044532704
2022-07-26 18:05,30.0,0.32137128710746704
2022-07-26 18:05,50.0,0.32037127017974804
2022-07-26 18:05,60.0,0.31937128305435103
2022-07-26 18:05,100.0,0.317371279001235
2022-07-26 18:05,500.0,0.305371284484863
2022-07-26 18:10,5.0,0.376374632120132
2022-07-26 18:10,10.0,0.37337464094161904
2022-07-26 18:10,30.0,0.35237464308738703
2022-07-26 18:10,50.0,0.350374639034271
2022-07-26 18:10,60.0,0.348374634981155
2022-07-26 18:10,100.0,0.341374635696411
2022-07-26 18:10,500.0,0.32537463307380604
2022-07-26 18:15,5.0,0.361371040344238
2022-07-26 18:15,10.0,0.34837102890014604
2022-07-26 18:15,30.0,0.317371040582656
2022-07-26 18:15,50.0,0.314371019601821
2022-07-26 18:15,60.0,0.31037104129791204
2022-07-26 18:15,100.0,0.307371020317077
2022-07-26 18:15,500.0,0.29737102985382
2022-07-26 18:20,5.0,0.34203702211380005
2022-07-26 18:20,10.0,0.34003701806068404
2022-07-26 18:20,30.0,0.318037033081054
2022-07-26 18:20,50.0,0.317037016153335
2022-07-26 18:20,60.0,0.316037029027938
2022-07-26 18:20,100.0,0.31203702092170704
2022-07-26 18:20,500.0,0.30003702640533403
2022-07-26 18:25,5.0,0.415034592151641
2022-07-26 18:25,10.0,0.40103459358215304
2022-07-26 18:25,30.0,0.357034593820571
2022-07-26 18:25,50.0,0.346034616231918
2022-07-26 18:25,60.0,0.34303459525108304
2022-07-26 18:25,100.0,0.33303460478782604
2022-07-26 18:25,500.0,0.280034601688385
2022-07-26 18:30,5.0,0.35170355439186
2022-07-26 18:30,10.0,0.33470356464385903
2022-07-26 18:30,30.0,0.320703566074371
2022-07-26 18:30,50.0,0.31570354104042003
2022-07-26 18:30,60.0,0.314703553915023
2022-07-26 18:30,100.0,0.314703553915023
2022-07-26 18:30,500.0,0.29870355129241905
2022-07-26 18:35,5.0,0.319365054368972
2022-07-26 18:35,10.0,0.31636506319046004
2022-07-26 18:35,30.0,0.27736505866050704
2022-07-26 18:35,50.0,0.270365059375762
2022-07-26 18:35,60.0,0.26936504244804305
2022-07-26 18:35,100.0,0.265365064144134
2022-07-26 18:35,500.0,0.261365056037902
2022-07-26 18:40,5.0,0.329033076763153
2022-07-26 18:40,10.0,0.31203305721282903
2022-07-26 18:40,30.0,0.30303305387496904
2022-07-26 18:40,50.0,0.30303305387496904
2022-07-26 18:40,60.0,0.30203306674957203
2022-07-26 18:40,100.0,0.301033079624176
2022-07-26 18:40,500.0,0.272033065557479
2022-07-26 18:45,5.0,0.31803485751152
2022-07-26 18:45,10.0,0.31503483653068504
2022-07-26 18:45,30.0,0.30603486299514704
2022-07-26 18:45,50.0,0.303034842014312
2022-07-26 18:45,60.0,0.301034837961196
2022-07-26 18:45,100.0,0.29503485560417103
2022-07-26 18:45,500.0,0.284034848213195
2022-07-26 18:50,5.0,0.378365069627761
2022-07-26 18:50,10.0,0.349365055561065
2022-07-26 18:50,30.0,0.304365068674087
2022-07-26 18:50,50.0,0.303365051746368
2022-07-26 18:50,60.0,0.301365047693252
2022-07-26 18:50,100.0,0.294365048408508
2022-07-26 18:50,500.0,0.261365056037902
2022-07-26 18:55,5.0,0.31836551427841103
2022-07-26 18:55,10.0,0.316365510225296
2022-07-26 18:55,30.0,0.30936551094055104
2022-07-26 18:55,50.0,0.30236551165580705
2022-07-26 18:55,60.0,0.30136549472808805
2022-07-26 18:55,100.0,0.29936549067497203
2022-07-26 18:55,500.0,0.26136550307273804
2022-07-26 19:00,5.0,0.316696226596832
2022-07-26 19:00,10.0,0.30369624495506203
2022-07-26 19:00,30.0,0.27469623088836603
2022-07-26 19:00,50.0,0.273696243762969
2022-07-26 19:00,60.0,0.270696222782135
2022-07-26 19:00,100.0,0.258696228265762
2022-07-26 19:00,500.0,0.23869623243808702
2022-07-26 19:05,5.0,0.403698652982711
2022-07-26 19:05,10.0,0.375698655843734
2022-07-26 19:05,30.0,0.32969865202903703
2022-07-26 19:05,50.0,0.326698660850524
2022-07-26 19:05,60.0,0.32169866561889604
2022-07-26 19:05,100.0,0.317698657512664
2022-07-26 19:05,500.0,0.25469866394996604
2022-07-26 19:10,5.0,0.464033365249633
2022-07-26 19:10,10.0,0.44103336334228505
2022-07-26 19:10,30.0,0.36203336715698203
2022-07-26 19:10,50.0,0.35603335499763406
2022-07-26 19:10,60.0,0.35503336787223805
2022-07-26 19:10,100.0,0.351033359766006
2022-07-26 19:10,500.0,0.26803335547447205
2022-07-26 19:15,5.0,0.270694553852081
2022-07-26 19:15,10.0,0.258694559335708
2022-07-26 19:15,30.0,0.249694555997848
2022-07-26 19:15,50.0,0.24269455671310403
2022-07-26 19:15,60.0,0.24169455468654602
2022-07-26 19:15,100.0,0.23869456350803303
2022-07-26 19:15,500.0,0.22269456088542902
2022-07-26 19:20,5.0,0.35769838094711304
2022-07-26 19:20,10.0,0.353698372840881
2022-07-26 19:20,30.0,0.344698369503021
2022-07-26 19:20,50.0,0.344698369503021
2022-07-26 19:20,60.0,0.343698382377624
2022-07-26 19:20,100.0,0.342698365449905
2022-07-26 19:20,500.0,0.258698374032974
2022-07-26 19:25,5.0,0.500032365322113
2022-07-26 19:25,10.0,0.477032393217086
2022-07-26 19:25,30.0,0.38803237676620406
2022-07-26 19:25,50.0,0.37503239512443504
2022-07-26 19:25,60.0,0.369032382965087
2022-07-26 19:25,100.0,0.34603238105773904
2022-07-26 19:25,500.0,0.26003238558769204
2022-07-26 19:30,5.0,0.305365443229675
2022-07-26 19:30,10.0,0.302365452051162
2022-07-26 19:30,30.0,0.295365452766418
2022-07-26 19:30,50.0,0.292365431785583
2022-07-26 19:30,60.0,0.29136544466018605
2022-07-26 19:30,100.0,0.287365436553955
2022-07-26 19:30,500.0,0.26136544346809304
2022-07-26 19:35,5.0,0.35936692357063205
2022-07-26 19:35,10.0,0.355366945266723
2022-07-26 19:35,30.0,0.314366936683654
2022-07-26 19:35,50.0,0.30936694145202603
2022-07-26 19:35,60.0,0.30936694145202603
2022-07-26 19:35,100.0,0.30836692452430703
2022-07-26 19:35,500.0,0.277366936206817
2022-07-26 19:40,5.0,0.344362467527389
2022-07-26 19:40,10.0,0.30836245417594904
2022-07-26 19:40,30.0,0.27936246991157504
2022-07-26 19:40,50.0,0.27636244893074
2022-07-26 19:40,60.0,0.274362474679946
2022-07-26 19:40,100.0,0.266362458467483
2022-07-26 19:40,500.0,0.24536246061325
2022-07-26 19:45,5.0,0.404696196317672
2022-07-26 19:45,10.0,0.40069618821144104
2022-07-26 19:45,30.0,0.359696179628372
2022-07-26 19:45,50.0,0.33369618654251104
2022-07-26 19:45,60.0,0.31369617581367404
2022-07-26 19:45,100.0,0.27669617533683705
2022-07-26 19:45,500.0,0.250696182250976
2022-07-26 19:50,5.0,0.31236383318901
2022-07-26 19:50,10.0,0.30936384201049805
2022-07-26 19:50,30.0,0.28936383128166204
2022-07-26 19:50,50.0,0.286363840103149
2022-07-26 19:50,60.0,0.283363848924636
2022-07-26 19:50,100.0,0.275363832712173
2022-07-26 19:50,500.0,0.261363834142684
2022-07-26 19:55,5.0,0.42769551277160606
2022-07-26 19:55,10.0,0.39669552445411604
2022-07-26 19:55,30.0,0.311695516109466
2022-07-26 19:55,50.0,0.30769550800323403
2022-07-26 19:55,60.0,0.30769550800323403
2022-07-26 19:55,100.0,0.30169552564620905
2022-07-26 19:55,500.0,0.246695518493652
2022-07-26 20:00,5.0,0.345365583896636
2022-07-26 20:00,10.0,0.33136558532714805
2022-07-26 20:00,30.0,0.303365588188171
2022-07-26 20:00,50.0,0.30236560106277405
2022-07-26 20:00,60.0,0.30136558413505504
2022-07-26 20:00,100.0,0.297365576028823
2022-07-26 20:00,500.0,0.27336558699607805
2022-07-26 20:05,5.0,0.371364146471023
2022-07-26 20:05,10.0,0.36836412549018804
2022-07-26 20:05,30.0,0.32936415076255804
2022-07-26 20:05,50.0,0.326364129781723
2022-07-26 20:05,60.0,0.324364125728607
2022-07-26 20:05,100.0,0.307364135980606
2022-07-26 20:05,500.0,0.26536414027214
2022-07-26 20:10,5.0,0.30469647049903803
2022-07-26 20:10,10.0,0.300696462392807
2022-07-26 20:10,30.0,0.291696459054946
2022-07-26 20:10,50.0,0.29069647192955
2022-07-26 20:10,60.0,0.29069647192955
2022-07-26 20:10,100.0,0.28569644689559903
2022-07-26 20:10,500.0,0.254696458578109
2022-07-26 20:15,5.0,0.373030990362167
2022-07-26 20:15,10.0,0.359030991792678
2022-07-26 20:15,30.0,0.330030977725982
2022-07-26 20:15,50.0,0.330030977725982
2022-07-26 20:15,60.0,0.32903099060058505
2022-07-26 20:15,100.0,0.32703098654747004
2022-07-26 20:15,500.0,0.272030979394912
2022-07-26 20:20,5.0,0.35302773118019104
2022-07-26 20:20,10.0,0.340027719736099
2022-07-26 20:20,30.0,0.298027724027633
2022-07-26 20:20,50.0,0.28502771258354104
2022-07-26 20:20,60.0,0.280027717351913
2022-07-26 20:20,100.0,0.260027706623077
2022-07-26 20:20,500.0,0.24402771890163402
2022-07-26 20:25,5.0,0.36236461997032104
2022-07-26 20:25,10.0,0.35036462545394903
2022-07-26 20:25,30.0,0.32536461949348405
2022-07-26 20:25,50.0,0.32436460256576505
2022-07-26 20:25,60.0,0.32336461544036804
2022-07-26 20:25,100.0,0.308364599943161
2022-07-26 20:25,500.0,0.277364611625671
2022-07-26 20:30,5.0,0.35569816827774003
2022-07-26 20:30,10.0,0.351698189973831
2022-07-26 20:30,30.0,0.312698185443878
2022-07-26 20:30,50.0,0.30969816446304305
2022-07-26 20:30,60.0,0.30669817328453003
2022-07-26 20:30,100.0,0.294698178768157
2022-07-26 20:30,500.0,0.27869817614555303
2022-07-26 20:35,5.0,0.390697926282882
2022-07-26 20:35,10.0,0.38169792294502203
2022-07-26 20:35,30.0,0.37469792366027804
2022-07-26 20:35,50.0,0.371697932481765
2022-07-26 20:35,60.0,0.370697945356369
2022-07-26 20:35,100.0,0.36269792914390503
2022-07-26 20:35,500.0,0.27869793772697404
2022-07-26 20:40,5.0,0.290692389011383
2022-07-26 20:40,10.0,0.28769236803054804
2022-07-26 20:40,30.0,0.281692385673522
2022-07-26 20:40,50.0,0.27869239449501004
2022-07-26 20:40,60.0,0.271692365407943
2022-07-26 20:40,100.0,0.261692374944686
2022-07-26 20:40,500.0,0.234692379832267
2022-07-26 20:45,5.0,0.36936181783676103
2022-07-26 20:45,10.0,0.365361839532852
2022-07-26 20:45,30.0,0.32436183094978305
2022-07-26 20:45,50.0,0.308361828327178
2022-07-26 20:45,60.0,0.301361829042434
2022-07-26 20:45,100.0,0.282361835241317
2022-07-26 20:45,500.0,0.257361829280853
2022-07-26 20:50,5.0,0.28302651643753
2022-07-26 20:50,10.0,0.281026512384414
2022-07-26 20:50,30.0,0.262026518583297
2022-07-26 20:50,50.0,0.261026501655578
2022-07-26 20:50,60.0,0.25902649760246205
2022-07-26 20:50,100.0,0.25702652335166903
2022-07-26 20:50,500.0,0.24402651190757702
2022-07-26 20:55,5.0,0.31469473242759705
2022-07-26 20:55,10.0,0.310694724321365
2022-07-26 20:55,30.0,0.30269473791122403
2022-07-26 20:55,50.0,0.301694720983505
2022-07-26 20:55,60.0,0.298694729804992
2022-07-26 20:55,100.0,0.278694719076156
2022-07-26 20:55,500.0,0.25469473004341103
2022-07-26 21:00,5.0,0.35836282372474604
2022-07-26 21:00,10.0,0.346362829208374
2022-07-26 21:00,30.0,0.305362820625305
2022-07-26 21:00,50.0,0.303362816572189
2022-07-26 21:00,60.0,0.30136284232139504
2022-07-26 21:00,100.0,0.29236283898353504
2022-07-26 21:00,500.0,0.265362828969955
2022-07-26 21:05,5.0,0.28436040878295904
2022-07-26 21:05,10.0,0.281360387802124
2022-07-26 21:05,30.0,0.260360389947891
2022-07-26 21:05,50.0,0.260360389947891
2022-07-26 21:05,60.0,0.259360402822494
2022-07-26 21:05,100.0,0.257360398769378
2022-07-26 21:05,500.0,0.24936039745807603
2022-07-26 21:10,5.0,0.395027726888656
2022-07-26 21:10,10.0,0.38202774524688704
2022-07-26 21:10,30.0,0.319027721881866
2022-07-26 21:10,50.0,0.317027747631073
2022-07-26 21:10,60.0,0.31302773952484103
2022-07-26 21:10,100.0,0.291027724742889
2022-07-26 21:10,500.0,0.260027736425399
2022-07-26 21:15,5.0,0.3593610227108
2022-07-26 21:15,10.0,0.35636103153228704
2022-07-26 21:15,30.0,0.349361032247543
2022-07-26 21:15,50.0,0.34636104106903004
2022-07-26 21:15,60.0,0.342361032962799
2022-07-26 21:15,100.0,0.339361041784286
2022-07-26 21:15,500.0,0.26136103272438
2022-07-26 21:20,5.0,0.35103014111518804
2022-07-26 21:20,10.0,0.347030133008956
2022-07-26 21:20,30.0,0.317030131816864
2022-07-26 21:20,50.0,0.316030144691467
2022-07-26 21:20,60.0,0.316030144691467
2022-07-26 21:20,100.0,0.31303015351295405
2022-07-26 21:20,500.0,0.28403013944625805
2022-07-26 21:25,5.0,0.30536076426506004
2022-07-26 21:25,10.0,0.303360760211944
2022-07-26 21:25,30.0,0.29636076092720004
2022-07-26 21:25,50.0,0.293360769748687
2022-07-26 21:25,60.0,0.292360752820968
2022-07-26 21:25,100.0,0.289360761642456
2022-07-26 21:25,500.0,0.261360764503479
2022-07-26 21:30,5.0,0.387692421674728
2022-07-26 21:30,10.0,0.38469243049621504
2022-07-26 21:30,30.0,0.323692440986633
2022-07-26 21:30,50.0,0.30869242548942505
2022-07-26 21:30,60.0,0.300692439079284
2022-07-26 21:30,100.0,0.274692445993423
2022-07-26 21:30,500.0,0.24669243395328502
2022-07-26 21:35,5.0,0.284692615270614
2022-07-26 21:35,10.0,0.281692624092102
2022-07-26 21:35,30.0,0.275692611932754
2022-07-26 21:35,50.0,0.272692620754241
2022-07-26 21:35,60.0,0.26969259977340704
2022-07-26 21:35,100.0,0.256692618131637
2022-07-26 21:35,500.0,0.24669261276721902
2022-07-26 21:40,5.0,0.44835755228996205
2022-07-26 21:40,10.0,0.40735757350921603
2022-07-26 21:40,30.0,0.31335756182670504
2022-07-26 21:40,50.0,0.31235757470130904
2022-07-26 21:40,60.0,0.306357562541961
2022-07-26 21:40,100.0,0.28535756468772805
2022-07-26 21:40,500.0,0.23335756361484503
2022-07-26 21:45,5.0,0.41836026310920704
2022-07-26 21:45,10.0,0.405360251665115
2022-07-26 21:45,30.0,0.34136027097702004
2022-07-26 21:45,50.0,0.34036025404930104
2022-07-26 21:45,60.0,0.34036025404930104
2022-07-26 21:45,100.0,0.338360279798507
2022-07-26 21:45,500.0,0.26536026597023005
2022-07-26 21:50,5.0,0.38569286465644803
2022-07-26 21:50,10.0,0.35069286823272705
2022-07-26 21:50,30.0,0.332692891359329
2022-07-26 21:50,50.0,0.32969287037849404
2022-07-26 21:50,60.0,0.324692875146865
2022-07-26 21:50,100.0,0.305692881345748
2022-07-26 21:50,500.0,0.266692876815795
2022-07-26 21:55,5.0,0.296691328287124
2022-07-26 21:55,10.0,0.294691354036331
2022-07-26 21:55,30.0,0.287691354751586
2022-07-26 21:55,50.0,0.27969133853912304
2022-07-26 21:55,60.0,0.27969133853912304
2022-07-26 21:55,100.0,0.27869135141372603
2022-07-26 21:55,500.0,0.25869134068489
2022-07-26 22:00,5.0,0.35135874152183505
2022-07-26 22:00,10.0,0.34935876727104104
2022-07-26 22:00,30.0,0.32235875725746105
2022-07-26 22:00,50.0,0.32035875320434504
2022-07-26 22:00,60.0,0.31935876607894903
2022-07-26 22:00,100.0,0.317358762025833
2022-07-26 22:00,500.0,0.26935875415802
2022-07-26 22:05,5.0,0.32402428984642
2022-07-26 22:05,10.0,0.32102429866790705
2022-07-26 22:05,30.0,0.28002429008483803
2022-07-26 22:05,50.0,0.27902427315711903
2022-07-26 22:05,60.0,0.27902427315711903
2022-07-26 22:05,100.0,0.277024298906326
2022-07-26 22:05,500.0,0.264024287462234
2022-07-26 22:10,5.0,0.409354001283645
2022-07-26 22:10,10.0,0.39635398983955306
2022-07-26 22:10,30.0,0.33535400032997104
2022-07-26 22:10,50.0,0.333353996276855
2022-07-26 22:10,60.0,0.332353979349136
2022-07-26 22:10,100.0,0.32635399699211104
2022-07-26 22:10,500.0,0.23335398733615803
2022-07-26 22:15,5.0,0.363688915967941
2022-07-26 22:15,10.0,0.36068889498710605
2022-07-26 22:15,30.0,0.324688911437988
2022-07-26 22:15,50.0,0.324688911437988
2022-07-26 22:15,60.0,0.32268890738487205
2022-07-26 22:15,100.0,0.31168889999389604
2022-07-26 22:15,500.0,0.26268890500068603
2022-07-26 22:20,5.0,0.319019436836242
2022-07-26 22:20,10.0,0.290019422769546
2022-07-26 22:20,30.0,0.273019433021545
2022-07-26 22:20,50.0,0.272019445896148
2022-07-26 22:20,60.0,0.271019428968429
2022-07-26 22:20,100.0,0.26601943373680104
2022-07-26 22:20,500.0,0.228019431233406
2022-07-26 22:25,5.0,0.30502343177795405
2022-07-26 22:25,10.0,0.30302342772483803
2022-07-26 22:25,30.0,0.29602342844009405
2022-07-26 22:25,50.0,0.29502341151237405
2022-07-26 22:25,60.0,0.29302343726158103
2022-07-26 22:25,100.0,0.28402343392372104
2022-07-26 22:25,500.0,0.26402342319488503
2022-07-26 22:30,5.0,0.43202331662178
2022-07-26 22:30,10.0,0.41002333164215005
2022-07-26 22:30,30.0,0.33102333545684803
2022-07-26 22:30,50.0,0.327023327350616
2022-07-26 22:30,60.0,0.32102331519126803
2022-07-26 22:30,100.0,0.30402332544326705
2022-07-26 22:30,500.0,0.260023325681686
2022-07-26 22:35,5.0,0.35501977801322904
2022-07-26 22:35,10.0,0.31901979446411105
2022-07-26 22:35,30.0,0.28901979327201804
2022-07-26 22:35,50.0,0.28301978111267
2022-07-26 22:35,60.0,0.282019793987274
2022-07-26 22:35,100.0,0.27701979875564503
2022-07-26 22:35,500.0,0.220019787549972
2022-07-26 22:40,5.0,0.553691804409027
2022-07-26 22:40,10.0,0.461691796779632
2022-07-26 22:40,30.0,0.319691807031631
2022-07-26 22:40,50.0,0.316691815853118
2022-07-26 22:40,60.0,0.31369179487228305
2022-07-26 22:40,100.0,0.309691816568374
2022-07-26 22:40,500.0,0.28269180655479403
2022-07-26 22:45,5.0,0.38702544569969105
2022-07-26 22:45,10.0,0.38302543759346
2022-07-26 22:45,30.0,0.35502544045448303
2022-07-26 22:45,50.0,0.353025466203689
2022-07-26 22:45,60.0,0.34802544116973805
2022-07-26 22:45,100.0,0.335025459527969
2022-07-26 22:45,500.0,0.28002545237541204
2022-07-26 22:50,5.0,0.37569084763526905
2022-07-26 22:50,10.0,0.339690864086151
2022-07-26 22:50,30.0,0.29769083857536305
2022-07-26 22:50,50.0,0.293690860271453
2022-07-26 22:50,60.0,0.293690860271453
2022-07-26 22:50,100.0,0.28769084811210605
2022-07-26 22:50,500.0,0.26669085025787304
2022-07-26 22:55,5.0,0.44935810565948403
2022-07-26 22:55,10.0,0.416358113288879
2022-07-26 22:55,30.0,0.310358107089996
2022-07-26 22:55,50.0,0.309358119964599
2022-07-26 22:55,60.0,0.30635812878608704
2022-07-26 22:55,100.0,0.294358134269714
2022-07-26 22:55,500.0,0.265358120203018
2022-07-26 23:00,5.0,0.36502540111541704
2022-07-26 23:00,10.0,0.35602539777755704
2022-07-26 23:00,30.0,0.33602541685104304
2022-07-26 23:00,50.0,0.323025405406951
2022-07-26 23:00,60.0,0.31802541017532304
2022-07-26 23:00,100.0,0.30002540349960305
2022-07-26 23:00,500.0,0.256025403738021
2022-07-26 23:05,5.0,0.34835985302925104
2022-07-26 23:05,10.0,0.345359861850738
2022-07-26 23:05,30.0,0.325359851121902
2022-07-26 23:05,50.0,0.324359863996505
2022-07-26 23:05,60.0,0.323359847068786
2022-07-26 23:05,100.0,0.31835985183715804
2022-07-26 23:05,500.0,0.26935985684394803
2022-07-26 23:10,5.0,0.31535947322845403
2022-07-26 23:10,10.0,0.313359469175338
2022-07-26 23:10,30.0,0.30535945296287503
2022-07-26 23:10,50.0,0.302359461784362
2022-07-26 23:10,60.0,0.302359461784362
2022-07-26 23:10,100.0,0.29935947060585
2022-07-26 23:10,500.0,0.265359461307525
2022-07-26 23:15,5.0,0.330025345087051
2022-07-26 23:15,10.0,0.30602532625198303
2022-07-26 23:15,30.0,0.291025340557098
2022-07-26 23:15,50.0,0.290025323629379
2022-07-26 23:15,60.0,0.28902533650398204
2022-07-26 23:15,100.0,0.284025341272354
2022-07-26 23:15,500.0,0.264025330543518
2022-07-26 23:20,5.0,0.47768932580947804
2022-07-26 23:20,10.0,0.39268931746482805
2022-07-26 23:20,30.0,0.269689321517944
2022-07-26 23:20,50.0,0.26668933033943104
2022-07-26 23:20,60.0,0.26468932628631503
2022-07-26 23:20,100.0,0.258689314126968
2022-07-26 23:20,500.0,0.23868931829929302
2022-07-26 23:25,5.0,0.34702813625335605
2022-07-26 23:25,10.0,0.344028145074844
2022-07-26 23:25,30.0,0.322028160095214
2022-07-26 23:25,50.0,0.321028143167495
2022-07-26 23:25,60.0,0.320028156042099
2022-07-26 23:25,100.0,0.31902813911437905
2022-07-26 23:25,500.0,0.28802815079689004
2022-07-26 23:30,5.0,0.29002431035041804
2022-07-26 23:30,10.0,0.287024319171905
2022-07-26 23:30,30.0,0.278024315834045
2022-07-26 23:30,50.0,0.277024328708648
2022-07-26 23:30,60.0,0.276024311780929
2022-07-26 23:30,100.0,0.27302432060241705
2022-07-26 23:30,500.0,0.24402432143688202
2022-07-26 23:35,5.0,0.36569362878799405
2022-07-26 23:35,10.0,0.36269363760948103
2022-07-26 23:35,30.0,0.34469363093376104
2022-07-26 23:35,50.0,0.34369364380836404
2022-07-26 23:35,60.0,0.339693635702133
2022-07-26 23:35,100.0,0.33669364452362005
2022-07-26 23:35,500.0,0.274693638086318
2022-07-26 23:40,5.0,0.33769398927688604
2022-07-26 23:40,10.0,0.333693981170654
2022-07-26 23:40,30.0,0.31369400024414
2022-07-26 23:40,50.0,0.312693983316421
2022-07-26 23:40,60.0,0.312693983316421
2022-07-26 23:40,100.0,0.310693979263305
2022-07-26 23:40,500.0,0.28669399023056
2022-07-26 23:45,5.0,0.336357742547988
2022-07-26 23:45,10.0,0.318357735872268
2022-07-26 23:45,30.0,0.30435773730278004
2022-07-26 23:45,50.0,0.289357751607894
2022-07-26 23:45,60.0,0.28335773944854703
2022-07-26 23:45,100.0,0.27335774898529
2022-07-26 23:45,500.0,0.253357738256454
2022-07-26 23:50,5.0,0.364694118499755
2022-07-26 23:50,10.0,0.35569411516189503
2022-07-26 23:50,30.0,0.332694113254547
2022-07-26 23:50,50.0,0.33169412612915
2022-07-26 23:50,60.0,0.32869413495063704
2022-07-26 23:50,100.0,0.31069412827491705
2022-07-26 23:50,500.0,0.294694125652313
2022-07-26 23:55,5.0,0.34735852479934604
2022-07-26 23:55,10.0,0.344358503818511
2022-07-26 23:55,30.0,0.312358528375625
2022-07-26 23:55,50.0,0.30935850739479004
2022-07-26 23:55,60.0,0.30935850739479004
2022-07-26 23:55,100.0,0.306358516216278
2022-07-26 23:55,500.0,0.26935851573944003
2022-07-27 00:00,5.0,0.431357473134994
2022-07-27 00:00,10.0,0.395357489585876
2022-07-27 00:00,30.0,0.34335747361183105
2022-07-27 00:00,50.0,0.34035748243331904
2022-07-27 00:00,60.0,0.338357478380203
2022-07-27 00:00,100.0,0.33135747909545904
2022-07-27 00:00,500.0,0.261357486248016
2022-07-27 00:05,5.0,0.34968903660774203
2022-07-27 00:05,10.0,0.347689032554626
2022-07-27 00:05,30.0,0.33968901634216303
2022-07-27 00:05,50.0,0.33668902516365
2022-07-27 00:05,60.0,0.33268901705741805
2022-07-27 00:05,100.0,0.31168901920318604
2022-07-27 00:05,500.0,0.250689029693603
2022-07-27 00:10,5.0,0.37736123800277704
2022-07-27 00:10,10.0,0.374361246824264
2022-07-27 00:10,30.0,0.34036123752593905
2022-07-27 00:10,50.0,0.33736124634742704
2022-07-27 00:10,60.0,0.333361238241195
2022-07-27 00:10,100.0,0.33036124706268305
2022-07-27 00:10,500.0,0.30936124920845004
2022-07-27 00:15,5.0,0.38969191908836304
2022-07-27 00:15,10.0,0.36869192123413
2022-07-27 00:15,30.0,0.326691925525665
2022-07-27 00:15,50.0,0.325691908597946
2022-07-27 00:15,60.0,0.319691926240921
2022-07-27 00:15,100.0,0.308691918849945
2022-07-27 00:15,500.0,0.278691917657852
2022-07-27 00:20,5.0,0.311689555644989
2022-07-27 00:20,10.0,0.299689531326293
2022-07-27 00:20,30.0,0.27868953347206105
2022-07-27 00:20,50.0,0.27668955922126703
2022-07-27 00:20,60.0,0.271689534187316
2022-07-27 00:20,100.0,0.26668953895568803
2022-07-27 00:20,500.0,0.254689544439315
2022-07-27 00:25,5.0,0.37735545635223305
2022-07-27 00:25,10.0,0.30635544657707203
2022-07-27 00:25,30.0,0.292355448007583
2022-07-27 00:25,50.0,0.28935545682907104
2022-07-27 00:25,60.0,0.28735545277595503
2022-07-27 00:25,100.0,0.27735543251037603
2022-07-27 00:25,500.0,0.25335544347763
2022-07-27 00:30,5.0,0.356690317392349
2022-07-27 00:30,10.0,0.35269033908843905
2022-07-27 00:30,30.0,0.33169034123420704
2022-07-27 00:30,50.0,0.32969033718109103
2022-07-27 00:30,60.0,0.32969033718109103
2022-07-27 00:30,100.0,0.32169032096862704
2022-07-27 00:30,500.0,0.27469033002853305
2022-07-27 00:35,5.0,0.359023541212081
2022-07-27 00:35,10.0,0.34602352976799
2022-07-27 00:35,30.0,0.31602352857589705
2022-07-27 00:35,50.0,0.31402352452278104
2022-07-27 00:35,60.0,0.31302353739738403
2022-07-27 00:35,100.0,0.312023520469665
2022-07-27 00:35,500.0,0.272023528814315
2022-07-27 00:40,5.0,0.376690685749053
2022-07-27 00:40,10.0,0.37369069457054105
2022-07-27 00:40,30.0,0.36469069123268105
2022-07-27 00:40,50.0,0.36369067430496205
2022-07-27 00:40,60.0,0.36169070005416804
2022-07-27 00:40,100.0,0.35269069671630804
2022-07-27 00:40,500.0,0.27469068765640203
2022-07-27 00:45,5.0,0.461692959070205
2022-07-27 00:45,10.0,0.42969298362731906
2022-07-27 00:45,30.0,0.333692967891693
2022-07-27 00:45,50.0,0.326692968606948
2022-07-27 00:45,60.0,0.325692981481552
2022-07-27 00:45,100.0,0.323692977428436
2022-07-27 00:45,500.0,0.298692971467971
2022-07-27 00:50,5.0,0.31935310363769503
2022-07-27 00:50,10.0,0.30235311388969405
2022-07-27 00:50,30.0,0.293353110551834
2022-07-27 00:50,50.0,0.29035308957099903
2022-07-27 00:50,60.0,0.29035308957099903
2022-07-27 00:50,100.0,0.28935310244560203
2022-07-27 00:50,500.0,0.24535310268402102
2022-07-27 00:55,5.0,0.36202093958854603
2022-07-27 00:55,10.0,0.341020941734313
2022-07-27 00:55,30.0,0.299020946025848
2022-07-27 00:55,50.0,0.29702094197273204
2022-07-27 00:55,60.0,0.29402092099189703
2022-07-27 00:55,100.0,0.280020922422409
2022-07-27 00:55,500.0,0.25602093338966303
2022-07-27 01:00,5.0,0.416023343801498
2022-07-27 01:00,10.0,0.40202334523200906
2022-07-27 01:00,30.0,0.356023341417312
2022-07-27 01:00,50.0,0.35302335023880005
2022-07-27 01:00,60.0,0.35002332925796503
2022-07-27 01:00,100.0,0.34202334284782404
2022-07-27 01:00,500.0,0.280023336410522
2022-07-27 01:05,5.0,0.30568778514862005
2022-07-27 01:05,10.0,0.29268777370452803
2022-07-27 01:05,30.0,0.26368778944015503
2022-07-27 01:05,50.0,0.262687772512435
2022-07-27 01:05,60.0,0.262687772512435
2022-07-27 01:05,100.0,0.261687785387039
2022-07-27 01:05,500.0,0.23868778347969002
2022-07-27 01:10,5.0,0.346360027790069
2022-07-27 01:10,10.0,0.342360019683837
2022-07-27 01:10,30.0,0.333360016345977
2022-07-27 01:10,50.0,0.32036003470420804
2022-07-27 01:10,60.0,0.317360013723373
2022-07-27 01:10,100.0,0.30936002731323203
2022-07-27 01:10,500.0,0.293360024690628
2022-07-27 01:15,5.0,0.381691575050354
2022-07-27 01:15,10.0,0.36869156360626204
2022-07-27 01:15,30.0,0.33969157934188804
2022-07-27 01:15,50.0,0.332691580057144
2022-07-27 01:15,60.0,0.33169156312942505
2022-07-27 01:15,100.0,0.32469156384468
2022-07-27 01:15,500.0,0.26669156551361
2022-07-27 01:20,5.0,0.29535779356956404
2022-07-27 01:20,10.0,0.292357802391052
2022-07-27 01:20,30.0,0.283357799053192
2022-07-27 01:20,50.0,0.280357807874679
2022-07-27 01:20,60.0,0.27935779094696
2022-07-27 01:20,100.0,0.278357803821563
2022-07-27 01:20,500.0,0.269357800483703
2022-07-27 01:25,5.0,0.34568968415260304
2022-07-27 01:25,10.0,0.343689680099487
2022-07-27 01:25,30.0,0.29568967223167403
2022-07-27 01:25,50.0,0.293689668178558
2022-07-27 01:25,60.0,0.292689681053161
2022-07-27 01:25,100.0,0.28668966889381403
2022-07-27 01:25,500.0,0.25868967175483704
2022-07-27 01:30,5.0,0.39235532283782903
2022-07-27 01:30,10.0,0.389355331659317
2022-07-27 01:30,30.0,0.312355309724807
2022-07-27 01:30,50.0,0.294355332851409
2022-07-27 01:30,60.0,0.28935533761978105
2022-07-27 01:30,100.0,0.273355334997177
2022-07-27 01:30,500.0,0.253355324268341
2022-07-27 01:35,5.0,0.5076913237571711
2022-07-27 01:35,10.0,0.459691315889358
2022-07-27 01:35,30.0,0.36769130825996404
2022-07-27 01:35,50.0,0.36569130420684803
2022-07-27 01:35,60.0,0.364691317081451
2022-07-27 01:35,100.0,0.361691296100616
2022-07-27 01:35,500.0,0.286691308021545
2022-07-27 01:40,5.0,0.335689067840576
2022-07-27 01:40,10.0,0.32268905639648404
2022-07-27 01:40,30.0,0.29268905520439104
2022-07-27 01:40,50.0,0.287689059972763
2022-07-27 01:40,60.0,0.287689059972763
2022-07-27 01:40,100.0,0.285689055919647
2022-07-27 01:40,500.0,0.26668906211853
2022-07-27 01:45,5.0,0.30735552310943604
2022-07-27 01:45,10.0,0.304355531930923
2022-07-27 01:45,30.0,0.29735553264617903
2022-07-27 01:45,50.0,0.29635551571846
2022-07-27 01:45,60.0,0.295355528593063
2022-07-27 01:45,100.0,0.28835552930831904
2022-07-27 01:45,500.0,0.26135551929473805
2022-07-27 01:50,5.0,0.32135343551635703
2022-07-27 01:50,10.0,0.317353427410125
2022-07-27 01:50,30.0,0.276353418827056
2022-07-27 01:50,50.0,0.27435341477394104
2022-07-27 01:50,60.0,0.270353436470031
2022-07-27 01:50,100.0,0.261353433132171
2022-07-27 01:50,500.0,0.23735342919826502
2022-07-27 01:55,5.0,0.38202235102653503
2022-07-27 01:55,10.0,0.34602233767509405
2022-07-27 01:55,30.0,0.31702235341072005
2022-07-27 01:55,50.0,0.31402236223220803
2022-07-27 01:55,60.0,0.312022358179092
2022-07-27 01:55,100.0,0.300022363662719
2022-07-27 01:55,500.0,0.264022350311279
2022-07-27 02:00,5.0,0.367686569690704
2022-07-27 02:00,10.0,0.35168656706810003
2022-07-27 02:00,30.0,0.34268656373023904
2022-07-27 02:00,50.0,0.339686572551727
2022-07-27 02:00,60.0,0.338686555624008
2022-07-27 02:00,100.0,0.33368656039237904
2022-07-27 02:00,500.0,0.23468656837940202
2022-07-27 02:05,5.0,0.377357810735702
2022-07-27 02:05,10.0,0.37335780262947005
2022-07-27 02:05,30.0,0.36435779929161005
2022-07-27 02:05,50.0,0.36435779929161005
2022-07-27 02:05,60.0,0.359357804059982
2022-07-27 02:05,100.0,0.327357798814773
2022-07-27 02:05,500.0,0.301357805728912
2022-07-27 02:10,5.0,0.31235522031784
2022-07-27 02:10,10.0,0.294355243444442
2022-07-27 02:10,30.0,0.280355215072631
2022-07-27 02:10,50.0,0.279355227947235
2022-07-27 02:10,60.0,0.279355227947235
2022-07-27 02:10,100.0,0.27835524082183805
2022-07-27 02:10,500.0,0.265355229377746
2022-07-27 02:15,5.0,0.33002194762229903
2022-07-27 02:15,10.0,0.326021969318389
2022-07-27 02:15,30.0,0.28502196073532104
2022-07-27 02:15,50.0,0.28302195668220503
2022-07-27 02:15,60.0,0.28302195668220503
2022-07-27 02:15,100.0,0.281021952629089
2022-07-27 02:15,500.0,0.260021954774856
2022-07-27 02:20,5.0,0.412355750799179
2022-07-27 02:20,10.0,0.38735574483871404
2022-07-27 02:20,30.0,0.28935575485229403
2022-07-27 02:20,50.0,0.28835573792457503
2022-07-27 02:20,60.0,0.28835573792457503
2022-07-27 02:20,100.0,0.286355733871459
2022-07-27 02:20,500.0,0.26935574412345803
2022-07-27 02:25,5.0,0.43035650253295904
2022-07-27 02:25,10.0,0.42135649919509804
2022-07-27 02:25,30.0,0.38335651159286505
2022-07-27 02:25,50.0,0.37335649132728504
2022-07-27 02:25,60.0,0.369356513023376
2022-07-27 02:25,100.0,0.36235651373863204
2022-07-27 02:25,500.0,0.27735650539398105
2022-07-27 02:30,5.0,0.371353060007095
2022-07-27 02:30,10.0,0.335353076457977
2022-07-27 02:30,30.0,0.306353062391281
2022-07-27 02:30,50.0,0.30135306715965204
2022-07-27 02:30,60.0,0.30035305023193304
2022-07-27 02:30,100.0,0.29935306310653603
2022-07-27 02:30,500.0,0.24135306477546603
2022-07-27 02:35,5.0,0.42602166533470104
2022-07-27 02:35,10.0,0.37702167034149103
2022-07-27 02:35,30.0,0.362021684646606
2022-07-27 02:35,50.0,0.36002168059349005
2022-07-27 02:35,60.0,0.353021681308746
2022-07-27 02:35,100.0,0.33202168345451305
2022-07-27 02:35,500.0,0.268021672964096
2022-07-27 02:40,5.0,0.33801695704460105
2022-07-27 02:40,10.0,0.3210169672966
2022-07-27 02:40,30.0,0.30701696872711104
2022-07-27 02:40,50.0,0.304016977548599
2022-07-27 02:40,60.0,0.301016956567764
2022-07-27 02:40,100.0,0.293016970157623
2022-07-27 02:40,500.0,0.216016963124275
2022-07-27 02:45,5.0,0.30501803755760104
2022-07-27 02:45,10.0,0.293018043041229
2022-07-27 02:45,30.0,0.28401803970336903
2022-07-27 02:45,50.0,0.28301802277565
2022-07-27 02:45,60.0,0.28301802277565
2022-07-27 02:45,100.0,0.27601802349090504
2022-07-27 02:45,500.0,0.24401803314685802
2022-07-27 02:50,5.0,0.28268498182296703
2022-07-27 02:50,10.0,0.279684990644454
2022-07-27 02:50,30.0,0.27268499135971
2022-07-27 02:50,50.0,0.271684974431991
2022-07-27 02:50,60.0,0.271684974431991
2022-07-27 02:50,100.0,0.267684966325759
2022-07-27 02:50,500.0,0.250684976577758
2022-07-27 02:55,5.0,0.386020392179489
2022-07-27 02:55,10.0,0.374020367860794
2022-07-27 02:55,30.0,0.365020364522933
2022-07-27 02:55,50.0,0.36202037334442105
2022-07-27 02:55,60.0,0.36002036929130504
2022-07-27 02:55,100.0,0.35102036595344505
2022-07-27 02:55,500.0,0.276020377874374
2022-07-27 03:00,5.0,0.330018192529678
2022-07-27 03:00,10.0,0.32701817154884305
2022-07-27 03:00,30.0,0.318018168210983
2022-07-27 03:00,50.0,0.31701818108558605
2022-07-27 03:00,60.0,0.31601816415786704
2022-07-27 03:00,100.0,0.31401818990707403
2022-07-27 03:00,500.0,0.264018177986145
2022-07-27 03:05,5.0,0.412348717451095
2022-07-27 03:05,10.0,0.37834870815277105
2022-07-27 03:05,30.0,0.26134872436523404
2022-07-27 03:05,50.0,0.258348703384399
2022-07-27 03:05,60.0,0.25434872508049
2022-07-27 03:05,100.0,0.25034871697425803
2022-07-27 03:05,500.0,0.23334871232509602
2022-07-27 03:10,5.0,0.370350092649459
2022-07-27 03:10,10.0,0.36735010147094704
2022-07-27 03:10,30.0,0.34535008668899503
2022-07-27 03:10,50.0,0.344350099563598
2022-07-27 03:10,60.0,0.341350108385086
2022-07-27 03:10,100.0,0.333350092172622
2022-07-27 03:10,500.0,0.26135009527206404
2022-07-27 03:15,5.0,0.317348182201385
2022-07-27 03:15,10.0,0.30334818363189703
2022-07-27 03:15,30.0,0.274348199367523
2022-07-27 03:15,50.0,0.274348199367523
2022-07-27 03:15,60.0,0.273348182439804
2022-07-27 03:15,100.0,0.27134820818901
2022-07-27 03:15,500.0,0.24934819340705802
2022-07-27 03:20,5.0,0.364683091640472
2022-07-27 03:20,10.0,0.361683100461959
2022-07-27 03:20,30.0,0.34068310260772705
2022-07-27 03:20,50.0,0.34068310260772705
2022-07-27 03:20,60.0,0.33868309855461104
2022-07-27 03:20,100.0,0.331683099269866
2022-07-27 03:20,500.0,0.29068309068679804
2022-07-27 03:25,5.0,0.37601566314697205
2022-07-27 03:25,10.0,0.32701566815376204
2022-07-27 03:25,30.0,0.313015669584274
2022-07-27 03:25,50.0,0.310015678405761
2022-07-27 03:25,60.0,0.30801567435264504
2022-07-27 03:25,100.0,0.303015649318695
2022-07-27 03:25,500.0,0.28801566362380904
2022-07-27 03:30,5.0,0.30034494400024403
2022-07-27 03:30,10.0,0.297344952821731
2022-07-27 03:30,30.0,0.290344953536987
2022-07-27 03:30,50.0,0.287344962358474
2022-07-27 03:30,60.0,0.28434494137763905
2022-07-27 03:30,100.0,0.28134495019912703
2022-07-27 03:30,500.0,0.23734495043754503
2022-07-27 03:35,5.0,0.39434674382209706
2022-07-27 03:35,10.0,0.39134675264358504
2022-07-27 03:35,30.0,0.37234672904014504
2022-07-27 03:35,50.0,0.37234672904014504
2022-07-27 03:35,60.0,0.369346737861633
2022-07-27 03:35,100.0,0.35734674334526
2022-07-27 03:35,500.0,0.269346743822097
2022-07-27 03:40,5.0,0.29934605956077504
2022-07-27 03:40,10.0,0.286346048116683
2022-07-27 03:40,30.0,0.25734606385231
2022-07-27 03:40,50.0,0.254346072673797
2022-07-27 03:40,60.0,0.25334605574607805
2022-07-27 03:40,100.0,0.25134605169296204
2022-07-27 03:40,500.0,0.23334605991840301
2022-07-27 03:45,5.0,0.409347355365753
2022-07-27 03:45,10.0,0.38534733653068504
2022-07-27 03:45,30.0,0.287347346544265
2022-07-27 03:45,50.0,0.286347329616546
2022-07-27 03:45,60.0,0.286347329616546
2022-07-27 03:45,100.0,0.27934733033180204
2022-07-27 03:45,500.0,0.24934734404087003
2022-07-27 03:50,5.0,0.42701455950737
2022-07-27 03:50,10.0,0.40601453185081404
2022-07-27 03:50,30.0,0.364014536142349
2022-07-27 03:50,50.0,0.363014549016952
2022-07-27 03:50,60.0,0.362014532089233
2022-07-27 03:50,100.0,0.36001455783843905
2022-07-27 03:50,500.0,0.28001454472541804
2022-07-27 03:55,5.0,0.40367966890335005
2022-07-27 03:55,10.0,0.39067968726158103
2022-07-27 03:55,30.0,0.35167968273162803
2022-07-27 03:55,50.0,0.350679665803909
2022-07-27 03:55,60.0,0.348679661750793
2022-07-27 03:55,100.0,0.32467967271804804
2022-07-27 03:55,500.0,0.26667967438697804
2022-07-27 04:00,5.0,0.38701188564300504
2022-07-27 04:00,10.0,0.374011874198913
2022-07-27 04:00,30.0,0.313011884689331
2022-07-27 04:00,50.0,0.31101188063621504
2022-07-27 04:00,60.0,0.30401188135147
2022-07-27 04:00,100.0,0.287011891603469
2022-07-27 04:00,500.0,0.24001188576221402
2022-07-27 04:05,5.0,0.387679994106292
2022-07-27 04:05,10.0,0.339679986238479
2022-07-27 04:05,30.0,0.324680000543594
2022-07-27 04:05,50.0,0.324680000543594
2022-07-27 04:05,60.0,0.31768000125885004
2022-07-27 04:05,100.0,0.30568000674247703
2022-07-27 04:05,500.0,0.25067999958992004
2022-07-27 04:10,5.0,0.31734707951545704
2022-07-27 04:10,10.0,0.304347068071365
2022-07-27 04:10,30.0,0.275347083806991
2022-07-27 04:10,50.0,0.272347062826156
2022-07-27 04:10,60.0,0.271347075700759
2022-07-27 04:10,100.0,0.26834708452224704
2022-07-27 04:10,500.0,0.24134707450866702
2022-07-27 04:15,5.0,0.28734710812568603
2022-07-27 04:15,10.0,0.284347116947174
2022-07-27 04:15,30.0,0.27734711766242903
2022-07-27 04:15,50.0,0.27734711766242903
2022-07-27 04:15,60.0,0.276347130537033
2022-07-27 04:15,100.0,0.273347109556198
2022-07-27 04:15,500.0,0.249347120523452
2022-07-27 04:20,5.0,0.298013418912887
2022-07-27 04:20,10.0,0.286013424396514
2022-07-27 04:20,30.0,0.277013421058654
2022-07-27 04:20,50.0,0.26301342248916604
2022-07-27 04:20,60.0,0.257013410329818
2022-07-27 04:20,100.0,0.255013406276702
2022-07-27 04:20,500.0,0.244013413786888
2022-07-27 04:25,5.0,0.39068099856376604
2022-07-27 04:25,10.0,0.386680990457534
2022-07-27 04:25,30.0,0.377680987119674
2022-07-27 04:25,50.0,0.37468099594116205
2022-07-27 04:25,60.0,0.369681000709533
2022-07-27 04:25,100.0,0.34168100357055603
2022-07-27 04:25,500.0,0.27468100190162603
2022-07-27 04:30,5.0,0.317678272724151
2022-07-27 04:30,10.0,0.31367826461791903
2022-07-27 04:30,30.0,0.292678266763687
2022-07-27 04:30,50.0,0.290678262710571
2022-07-27 04:30,60.0,0.290678262710571
2022-07-27 04:30,100.0,0.28667825460433904
2022-07-27 04:30,500.0,0.22667826712131503
2022-07-27 04:35,5.0,0.37668132781982405
2022-07-27 04:35,10.0,0.36368134617805403
2022-07-27 04:35,30.0,0.35568132996559104
2022-07-27 04:35,50.0,0.35468134284019404
2022-07-27 04:35,60.0,0.350681334733963
2022-07-27 04:35,100.0,0.341681331396102
2022-07-27 04:35,500.0,0.290681332349777
2022-07-27 04:40,5.0,0.33401247859001104
2022-07-27 04:40,10.0,0.330012470483779
2022-07-27 04:40,30.0,0.309012472629547
2022-07-27 04:40,50.0,0.308012455701828
2022-07-27 04:40,60.0,0.30501246452331504
2022-07-27 04:40,100.0,0.288012474775314
2022-07-27 04:40,500.0,0.24001246690750103
2022-07-27 04:45,5.0,0.38568159937858504
2022-07-27 04:45,10.0,0.33768159151077204
2022-07-27 04:45,30.0,0.323681592941284
2022-07-27 04:45,50.0,0.322681605815887
2022-07-27 04:45,60.0,0.322681605815887
2022-07-27 04:45,100.0,0.321681588888168
2022-07-27 04:45,500.0,0.286681592464447
2022-07-27 04:50,5.0,0.46568062901496804
2022-07-27 04:50,10.0,0.441680639982223
2022-07-27 04:50,30.0,0.343680620193481
2022-07-27 04:50,50.0,0.325680613517761
2022-07-27 04:50,60.0,0.32068061828613204
2022-07-27 04:50,100.0,0.288680642843246
2022-07-27 04:50,500.0,0.266680628061294
2022-07-27 04:55,5.0,0.376680761575698
2022-07-27 04:55,10.0,0.374680757522583
2022-07-27 04:55,30.0,0.334680765867233
2022-07-27 04:55,50.0,0.33268076181411704
2022-07-27 04:55,60.0,0.32468074560165405
2022-07-27 04:55,100.0,0.306680768728256
2022-07-27 04:55,500.0,0.270680755376815
2022-07-27 05:00,5.0,0.33734780550003
2022-07-27 05:00,10.0,0.328347831964492
2022-07-27 05:00,30.0,0.309347808361053
2022-07-27 05:00,50.0,0.309347808361053
2022-07-27 05:00,60.0,0.30734783411026
2022-07-27 05:00,100.0,0.30234780907630904
2022-07-27 05:00,500.0,0.285347819328308
2022-07-27 05:05,5.0,0.36734580993652305
2022-07-27 05:05,10.0,0.35434582829475403
2022-07-27 05:05,30.0,0.311345815658569
2022-07-27 05:05,50.0,0.310345828533172
2022-07-27 05:05,60.0,0.310345828533172
2022-07-27 05:05,100.0,0.305345803499221
2022-07-27 05:05,500.0,0.253345817327499
2022-07-27 05:10,5.0,0.326346606016159
2022-07-27 05:10,10.0,0.32234659790992704
2022-07-27 05:10,30.0,0.300346612930297
2022-07-27 05:10,50.0,0.299346596002578
2022-07-27 05:10,60.0,0.299346596002578
2022-07-27 05:10,100.0,0.296346604824066
2022-07-27 05:10,500.0,0.261346608400344
2022-07-27 05:15,5.0,0.35568135976791304
2022-07-27 05:15,10.0,0.341681361198425
2022-07-27 05:15,30.0,0.300681352615356
2022-07-27 05:15,50.0,0.29668137431144703
2022-07-27 05:15,60.0,0.29668137431144703
2022-07-27 05:15,100.0,0.295681357383728
2022-07-27 05:15,500.0,0.290681362152099
2022-07-27 05:20,5.0,0.363347798585891
2022-07-27 05:20,10.0,0.34934780001640303
2022-07-27 05:20,30.0,0.32034778594970703
2022-07-27 05:20,50.0,0.32034778594970703
2022-07-27 05:20,60.0,0.31934779882431
2022-07-27 05:20,100.0,0.317347794771194
2022-07-27 05:20,500.0,0.289347797632217
2022-07-27 05:25,5.0,0.37468260526657104
2022-07-27 05:25,10.0,0.37268263101577703
2022-07-27 05:25,30.0,0.36568263173103305
2022-07-27 05:25,50.0,0.36468261480331404
2022-07-27 05:25,60.0,0.359682619571685
2022-07-27 05:25,100.0,0.349682629108428
2022-07-27 05:25,500.0,0.322682619094848
2022-07-27 05:30,5.0,0.32801324129104603
2022-07-27 05:30,10.0,0.315013259649276
2022-07-27 05:30,30.0,0.28601324558258
2022-07-27 05:30,50.0,0.285013258457183
2022-07-27 05:30,60.0,0.285013258457183
2022-07-27 05:30,100.0,0.284013241529464
2022-07-27 05:30,500.0,0.27201324701309204
2022-07-27 05:35,5.0,0.35201385617256103
2022-07-27 05:35,10.0,0.34301385283470104
2022-07-27 05:35,30.0,0.32501387596130304
2022-07-27 05:35,50.0,0.32401385903358404
2022-07-27 05:35,60.0,0.321013867855072
2022-07-27 05:35,100.0,0.29601386189460704
2022-07-27 05:35,500.0,0.28401386737823403
2022-07-27 05:40,5.0,0.35668128728866505
2022-07-27 05:40,10.0,0.35368129611015303
2022-07-27 05:40,30.0,0.34668129682540805
2022-07-27 05:40,50.0,0.33668130636215204
2022-07-27 05:40,60.0,0.333681285381317
2022-07-27 05:40,100.0,0.32668128609657204
2022-07-27 05:40,500.0,0.302681297063827
2022-07-27 05:45,5.0,0.369348049163818
2022-07-27 05:45,10.0,0.366348057985305
2022-07-27 05:45,30.0,0.348348051309585
2022-07-27 05:45,50.0,0.347348064184188
2022-07-27 05:45,60.0,0.34134805202484103
2022-07-27 05:45,100.0,0.33134806156158403
2022-07-27 05:45,500.0,0.297348052263259
2022-07-27 05:50,5.0,0.387012332677841
2022-07-27 05:50,10.0,0.35401234030723505
2022-07-27 05:50,30.0,0.26601234078407204
2022-07-27 05:50,50.0,0.26501235365867604
2022-07-27 05:50,60.0,0.26401233673095703
2022-07-27 05:50,100.0,0.258012354373931
2022-07-27 05:50,500.0,0.252012342214584
2022-07-27 05:55,5.0,0.43801322579383806
2022-07-27 05:55,10.0,0.39901322126388505
2022-07-27 05:55,30.0,0.31001323461532504
2022-07-27 05:55,50.0,0.306013226509094
2022-07-27 05:55,60.0,0.303013235330581
2022-07-27 05:55,100.0,0.288013219833374
2022-07-27 05:55,500.0,0.276013225317001
2022-07-27 06:00,5.0,0.33667993545532204
2022-07-27 06:00,10.0,0.312679916620254
2022-07-27 06:00,30.0,0.29767993092536904
2022-07-27 06:00,50.0,0.29667994379997203
2022-07-27 06:00,60.0,0.29667994379997203
2022-07-27 06:00,100.0,0.293679922819137
2022-07-27 06:00,500.0,0.27467992901802
2022-07-27 06:05,5.0,0.31367924809455805
2022-07-27 06:05,10.0,0.30367925763130105
2022-07-27 06:05,30.0,0.296679258346557
2022-07-27 06:05,50.0,0.290679275989532
2022-07-27 06:05,60.0,0.289679259061813
2022-07-27 06:05,100.0,0.28367927670478804
2022-07-27 06:05,500.0,0.25467926263809204
