Time,Effect,Rate (/s),FOM (cm2),Threshold,Saturation
2022-07-26 14:00,93L422 [SEE],1.2197199352333362e-08,1.06974022606781e-09,6.5,1.418e-10
2022-07-26 14:00,93L422AM [SEE],2.6974906325047548e-08,2.365800669216257e-09,6.5,3.136e-10
2022-07-26 14:00,2901B [SEE],-4.559282988373272e-11,6.092841728655392e-11,48.0,1.52e-11
2022-07-26 14:00,2164 [SEE],9.191776923934326e-10,6.278740294248112e-11,3.5,7.2e-12
2022-07-26 14:00,HM6116 [SEE],4.124776295644295e-12,9.123173671565322e-12,40.0,2.116e-12
2022-07-26 14:00,D424100V [SEE],2.2128047010099952e-11,2.6176653992582143e-12,11.0,3.983e-13
2022-07-26 14:00,62256R [SEE],3.525612850364866e-11,3.6724605049713456e-12,9.0,5.292e-13
2022-07-26 14:00,HYB51410 [SEE],1.7112514561831108e-11,2.1531730544314137e-12,12.0,3.357e-13
2022-07-26 14:00,MB814100 [SEE],1.1323949786970522e-11,1.1036432882127023e-12,8.0,1.542e-13
2022-07-26 14:00,HM6516 [SEE],-6.025830608115299e-13,1.8703691862131184e-12,45.0,4.545e-13
2022-07-26 14:00,OW-62256 [SEE],1.371761284093875e-11,2.069953142301227e-12,15.0,3.443e-13
2022-07-26 14:00,SMJ44100 [SEE],7.0527896485049854e-12,1.0019717258559443e-12,14.0,1.633e-13
2022-07-26 14:00,TC514100 [SEE],5.609924518412916e-12,1.309674440190528e-12,22.0,2.455e-13
2022-07-26 14:00,HM-65656 [SEE],4.314892450402751e-12,6.511063761580683e-13,15.0,1.083e-13
2022-07-26 14:00,MT4C1004 [SEE],5.2967311120836786e-12,6.265835279067993e-13,11.0,9.534e-14
2022-07-26 14:00,MT4C4001 [SEE],4.299755354545512e-12,4.4788473354280164e-13,9.0,6.454e-14
2022-07-26 14:00,KM41C4000 [SEE],4.897318486850103e-12,5.615132524288984e-13,10.5,8.435e-14
2022-07-26 14:00,6283H [SEE],6.242555302258102e-12,6.935059956982371e-13,10.0,1.028e-13
2022-07-26 14:00,Samsung 16M [SEE],7.551131646053998e-12,3.8085371722204854e-13,1.17,3.5e-14
2022-07-26 14:00,Hitachi 16M [SEE],3.201732378770358e-12,1.6833820807778427e-13,1.4,1.6e-14
2022-07-26 14:00,Micron 16M [SEE],1.2995842081204571e-12,7.692446815452768e-14,2.21,8e-15
2022-07-26 14:00,ISME 16M [SEE],2.5710882400174974e-13,1.6032555531743655e-14,2.64,1.73e-15
2022-07-26 14:00,LUNA-c [SEE],6.611191549590495e-14,7.820792932757406e-15,11.0,1.19e-15
2022-07-26 14:00,01G9274 [SEE],5.997832560350515e-14,6.663189415867206e-15,10.0,9.877e-16
2022-07-26 14:00,ISM 16M [SEE],1.2762421290960559e-13,9.967681355531887e-15,5.0,1.24e-15
2022-07-26 14:05,93L422 [SEE],1.2644754300922162e-08,1.06974022606781e-09,6.5,1.418e-10
2022-07-26 14:05,93L422AM [SEE],2.796470344689132e-08,2.365800669216257e-09,6.5,3.136e-10
2022-07-26 14:05,2901B [SEE],-2.257345677175815e-12,6.092841728655392e-11,48.0,1.52e-11
2022-07-26 14:05,2164 [SEE],9.401297186115167e-10,6.278740294248112e-11,3.5,7.2e-12
2022-07-26 14:05,HM6116 [SEE],1.0374715194958473e-11,9.123173671565322e-12,40.0,2.116e-12
2022-07-26 14:05,D424100V [SEE],2.342060640657189e-11,2.6176653992582143e-12,11.0,3.983e-13
2022-07-26 14:05,62256R [SEE],3.6962671883795476e-11,3.6724605049713456e-12,9.0,5.292e-13
2022-07-26 14:05,HYB51410 [SEE],1.8203122756716158e-11,2.1531730544314137e-12,12.0,3.357e-13
2022-07-26 14:05,MB814100 [SEE],1.181815417384946e-11,1.1036432882127023e-12,8.0,1.542e-13
2022-07-26 14:05,HM6516 [SEE],7.105229677612243e-13,1.8703691862131184e-12,45.0,4.545e-13
2022-07-26 14:05,OW-62256 [SEE],1.483418341061291e-11,2.069953142301227e-12,15.0,3.443e-13
2022-07-26 14:05,SMJ44100 [SEE],7.583040920204087e-12,1.0019717258559443e-12,14.0,1.633e-13
2022-07-26 14:05,TC514100 [SEE],6.391122179202897e-12,1.309674440190528e-12,22.0,2.455e-13
2022-07-26 14:05,HM-65656 [SEE],4.666111133805921e-12,6.511063761580683e-13,15.0,1.083e-13
2022-07-26 14:05,MT4C1004 [SEE],5.606127579218087e-12,6.265835279067993e-13,11.0,9.534e-14
2022-07-26 14:05,MT4C4001 [SEE],4.507881412282994e-12,4.4788473354280164e-13,9.0,6.454e-14
2022-07-26 14:05,KM41C4000 [SEE],5.170778055104155e-12,5.615132524288984e-13,10.5,8.435e-14
2022-07-26 14:05,6283H [SEE],6.5753801526759675e-12,6.935059956982371e-13,10.0,1.028e-13
2022-07-26 14:05,Samsung 16M [SEE],7.625563480902272e-12,3.8085371722204854e-13,1.17,3.5e-14
2022-07-26 14:05,Hitachi 16M [SEE],3.2382756618002938e-12,1.6833820807778427e-13,1.4,1.6e-14
2022-07-26 14:05,Micron 16M [SEE],1.32065272658121e-12,7.692446815452768e-14,2.21,8e-15
2022-07-26 14:05,ISME 16M [SEE],2.6186568965669534e-13,1.6032555531743655e-14,2.64,1.73e-15
2022-07-26 14:05,LUNA-c [SEE],6.997369225162076e-14,7.820792932757406e-15,11.0,1.19e-15
2022-07-26 14:05,01G9274 [SEE],6.317609899609002e-14,6.663189415867206e-15,10.0,9.877e-16
2022-07-26 14:05,ISM 16M [SEE],1.314310537954023e-13,9.967681355531887e-15,5.0,1.24e-15
2022-07-26 14:10,93L422 [SEE],1.3290023585247273e-08,1.06974022606781e-09,6.5,1.418e-10
2022-07-26 14:10,93L422AM [SEE],2.9391758789376204e-08,2.365800669216257e-09,6.5,3.136e-10
2022-07-26 14:10,2901B [SEE],1.9335151570194318e-11,6.092841728655392e-11,48.0,1.52e-11
2022-07-26 14:10,2164 [SEE],9.819433890076079e-10,6.278740294248112e-11,3.5,7.2e-12
2022-07-26 14:10,HM6116 [SEE],1.3845508484447157e-11,9.123173671565322e-12,40.0,2.116e-12
2022-07-26 14:10,D424100V [SEE],2.4847572985026853e-11,2.6176653992582143e-12,11.0,3.983e-13
2022-07-26 14:10,62256R [SEE],3.904803263666199e-11,3.6724605049713456e-12,9.0,5.292e-13
2022-07-26 14:10,HYB51410 [SEE],1.935519761271582e-11,2.1531730544314137e-12,12.0,3.357e-13
2022-07-26 14:10,MB814100 [SEE],1.2459194839750552e-11,1.1036432882127023e-12,8.0,1.542e-13
2022-07-26 14:10,HM6516 [SEE],1.3907600809729012e-12,1.8703691862131184e-12,45.0,4.545e-13
2022-07-26 14:10,OW-62256 [SEE],1.58869414758037e-11,2.069953142301227e-12,15.0,3.443e-13
2022-07-26 14:10,SMJ44100 [SEE],8.100934586727076e-12,1.0019717258559443e-12,14.0,1.633e-13
2022-07-26 14:10,TC514100 [SEE],6.9947584155712754e-12,1.309674440190528e-12,22.0,2.455e-13
2022-07-26 14:10,HM-65656 [SEE],4.997257513301018e-12,6.511063761580683e-13,15.0,1.083e-13
2022-07-26 14:10,MT4C1004 [SEE],5.947696732092543e-12,6.265835279067993e-13,11.0,9.534e-14
2022-07-26 14:10,MT4C4001 [SEE],4.762207154894489e-12,4.4788473354280164e-13,9.0,6.454e-14
2022-07-26 14:10,KM41C4000 [SEE],5.4798671077346364e-12,5.615132524288984e-13,10.5,8.435e-14
2022-07-26 14:10,6283H [SEE],6.960971916307415e-12,6.935059956982371e-13,10.0,1.028e-13
2022-07-26 14:10,Samsung 16M [SEE],7.916964847689815e-12,3.8085371722204854e-13,1.17,3.5e-14
2022-07-26 14:10,Hitachi 16M [SEE],3.364489825375271e-12,1.6833820807778427e-13,1.4,1.6e-14
2022-07-26 14:10,Micron 16M [SEE],1.3752087433642923e-12,7.692446815452768e-14,2.21,8e-15
2022-07-26 14:10,ISME 16M [SEE],2.7297297880605767e-13,1.6032555531743655e-14,2.64,1.73e-15
2022-07-26 14:10,LUNA-c [SEE],7.423703703786582e-14,7.820792932757406e-15,11.0,1.19e-15
2022-07-26 14:10,01G9274 [SEE],6.68808556589186e-14,6.663189415867206e-15,10.0,9.877e-16
2022-07-26 14:10,ISM 16M [SEE],1.3771550936481385e-13,9.967681355531887e-15,5.0,1.24e-15
2022-07-26 14:15,93L422 [SEE],1.0755677338698882e-08,1.06974022606781e-09,6.5,1.418e-10
2022-07-26 14:15,93L422AM [SEE],2.3786885849195832e-08,2.365800669216257e-09,6.5,3.136e-10
2022-07-26 14:15,2901B [SEE],-1.6472778902380392e-10,6.092841728655392e-11,48.0,1.52e-11
2022-07-26 14:15,2164 [SEE],8.458907916501807e-10,6.278740294248112e-11,3.5,7.2e-12
2022-07-26 14:15,HM6116 [SEE],-1.3235467597384583e-11,9.123173671565322e-12,40.0,2.116e-12
2022-07-26 14:15,D424100V [SEE],1.818316522969282e-11,2.6176653992582143e-12,11.0,3.983e-13
2022-07-26 14:15,62256R [SEE],2.9947089676848644e-11,3.6724605049713456e-12,9.0,5.292e-13
2022-07-26 14:15,HYB51410 [SEE],1.3809956646618844e-11,2.1531730544314137e-12,12.0,3.357e-13
2022-07-26 14:15,MB814100 [SEE],9.767918486822708e-12,1.1036432882127023e-12,8.0,1.542e-13
2022-07-26 14:15,HM6516 [SEE],-4.225466688849075e-12,1.8703691862131184e-12,45.0,4.545e-13
2022-07-26 14:15,OW-62256 [SEE],1.0399807384158116e-11,2.069953142301227e-12,15.0,3.443e-13
2022-07-26 14:15,SMJ44100 [SEE],5.468214635995826e-12,1.0019717258559443e-12,14.0,1.633e-13
2022-07-26 14:15,TC514100 [SEE],3.35511224825389e-12,1.309674440190528e-12,22.0,2.455e-13
2022-07-26 14:15,HM-65656 [SEE],3.271272552147325e-12,6.511063761580683e-13,15.0,1.083e-13
2022-07-26 14:15,MT4C1004 [SEE],4.352455367810479e-12,6.265835279067993e-13,11.0,9.534e-14
2022-07-26 14:15,MT4C4001 [SEE],3.652277338896092e-12,4.4788473354280164e-13,9.0,6.454e-14
2022-07-26 14:15,KM41C4000 [SEE],4.0591250398997764e-12,5.615132524288984e-13,10.5,8.435e-14
2022-07-26 14:15,6283H [SEE],5.21769729439777e-12,6.935059956982371e-13,10.0,1.028e-13
2022-07-26 14:15,Samsung 16M [SEE],7.2193513755395576e-12,3.8085371722204854e-13,1.17,3.5e-14
2022-07-26 14:15,Hitachi 16M [SEE],3.047267089408037e-12,1.6833820807778427e-13,1.4,1.6e-14
2022-07-26 14:15,Micron 16M [SEE],1.219634903577038e-12,7.692446815452768e-14,2.21,8e-15
2022-07-26 14:15,ISME 16M [SEE],2.396630152897056e-13,1.6032555531743655e-14,2.64,1.73e-15
2022-07-26 14:15,LUNA-c [SEE],5.432580121349349e-14,7.820792932757406e-15,11.0,1.19e-15
2022-07-26 14:15,01G9274 [SEE],5.0131513790629174e-14,6.663189415867206e-15,10.0,9.877e-16
2022-07-26 14:15,ISM 16M [SEE],1.1496488291040868e-13,9.967681355531887e-15,5.0,1.24e-15
2022-07-26 14:20,93L422 [SEE],1.3290023585247273e-08,1.06974022606781e-09,6.5,1.418e-10
2022-07-26 14:20,93L422AM [SEE],2.9391758789376204e-08,2.365800669216257e-09,6.5,3.136e-10
2022-07-26 14:20,2901B [SEE],1.9335151570194318e-11,6.092841728655392e-11,48.0,1.52e-11
2022-07-26 14:20,2164 [SEE],9.819433890076079e-10,6.278740294248112e-11,3.5,7.2e-12
2022-07-26 14:20,HM6116 [SEE],1.3845508484447157e-11,9.123173671565322e-12,40.0,2.116e-12
2022-07-26 14:20,D424100V [SEE],2.4847572985026853e-11,2.6176653992582143e-12,11.0,3.983e-13
2022-07-26 14:20,62256R [SEE],3.904803263666199e-11,3.6724605049713456e-12,9.0,5.292e-13
2022-07-26 14:20,HYB51410 [SEE],1.935519761271582e-11,2.1531730544314137e-12,12.0,3.357e-13
2022-07-26 14:20,MB814100 [SEE],1.2459194839750552e-11,1.1036432882127023e-12,8.0,1.542e-13
2022-07-26 14:20,HM6516 [SEE],1.3907600809729012e-12,1.8703691862131184e-12,45.0,4.545e-13
2022-07-26 14:20,OW-62256 [SEE],1.58869414758037e-11,2.069953142301227e-12,15.0,3.443e-13
2022-07-26 14:20,SMJ44100 [SEE],8.100934586727076e-12,1.0019717258559443e-12,14.0,1.633e-13
2022-07-26 14:20,TC514100 [SEE],6.9947584155712754e-12,1.309674440190528e-12,22.0,2.455e-13
2022-07-26 14:20,HM-65656 [SEE],4.997257513301018e-12,6.511063761580683e-13,15.0,1.083e-13
2022-07-26 14:20,MT4C1004 [SEE],5.947696732092543e-12,6.265835279067993e-13,11.0,9.534e-14
2022-07-26 14:20,MT4C4001 [SEE],4.762207154894489e-12,4.4788473354280164e-13,9.0,6.454e-14
2022-07-26 14:20,KM41C4000 [SEE],5.4798671077346364e-12,5.615132524288984e-13,10.5,8.435e-14
2022-07-26 14:20,6283H [SEE],6.960971916307415e-12,6.935059956982371e-13,10.0,1.028e-13
2022-07-26 14:20,Samsung 16M [SEE],7.916964847689815e-12,3.8085371722204854e-13,1.17,3.5e-14
2022-07-26 14:20,Hitachi 16M [SEE],3.364489825375271e-12,1.6833820807778427e-13,1.4,1.6e-14
2022-07-26 14:20,Micron 16M [SEE],1.3752087433642923e-12,7.692446815452768e-14,2.21,8e-15
2022-07-26 14:20,ISME 16M [SEE],2.7297297880605767e-13,1.6032555531743655e-14,2.64,1.73e-15
2022-07-26 14:20,LUNA-c [SEE],7.423703703786582e-14,7.820792932757406e-15,11.0,1.19e-15
2022-07-26 14:20,01G9274 [SEE],6.68808556589186e-14,6.663189415867206e-15,10.0,9.877e-16
2022-07-26 14:20,ISM 16M [SEE],1.3771550936481385e-13,9.967681355531887e-15,5.0,1.24e-15
2022-07-26 14:25,93L422 [SEE],1.3836435701704272e-08,1.06974022606781e-09,6.5,1.418e-10
2022-07-26 14:25,93L422AM [SEE],3.060018502154062e-08,2.365800669216257e-09,6.5,3.136e-10
2022-07-26 14:25,2901B [SEE],5.1799142297161146e-11,6.092841728655392e-11,48.0,1.52e-11
2022-07-26 14:25,2164 [SEE],1.0133262373146978e-09,6.278740294248112e-11,3.5,7.2e-12
2022-07-26 14:25,HM6116 [SEE],1.870587457884907e-11,9.123173671565322e-12,40.0,2.116e-12
2022-07-26 14:25,D424100V [SEE],2.6207335972490418e-11,2.6176653992582143e-12,11.0,3.983e-13
2022-07-26 14:25,62256R [SEE],4.094398470316879e-11,3.6724605049713456e-12,9.0,5.292e-13
2022-07-26 14:25,HYB51410 [SEE],2.047653913815827e-11,2.1531730544314137e-12,12.0,3.357e-13
2022-07-26 14:25,MB814100 [SEE],1.3026817366140613e-11,1.1036432882127023e-12,8.0,1.542e-13
2022-07-26 14:25,HM6516 [SEE],2.387431651865221e-12,1.8703691862131184e-12,45.0,4.545e-13
2022-07-26 14:25,OW-62256 [SEE],1.697160579323627e-11,2.069953142301227e-12,15.0,3.443e-13
2022-07-26 14:25,SMJ44100 [SEE],8.625007055838167e-12,1.0019717258559443e-12,14.0,1.633e-13
2022-07-26 14:25,TC514100 [SEE],7.687175364150518e-12,1.309674440190528e-12,22.0,2.455e-13
2022-07-26 14:25,HM-65656 [SEE],5.338440044750184e-12,6.511063761580683e-13,15.0,1.083e-13
2022-07-26 14:25,MT4C1004 [SEE],6.2731795420970024e-12,6.265835279067993e-13,11.0,9.534e-14
2022-07-26 14:25,MT4C4001 [SEE],4.993433055068998e-12,4.4788473354280164e-13,9.0,6.454e-14
2022-07-26 14:25,KM41C4000 [SEE],5.771141418176929e-12,5.615132524288984e-13,10.5,8.435e-14
2022-07-26 14:25,6283H [SEE],7.3201802233321e-12,6.935059956982371e-13,10.0,1.028e-13
2022-07-26 14:25,Samsung 16M [SEE],8.099881448507735e-12,3.8085371722204854e-13,1.17,3.5e-14
2022-07-26 14:25,Hitachi 16M [SEE],3.445868548677732e-12,1.6833820807778427e-13,1.4,1.6e-14
2022-07-26 14:25,Micron 16M [SEE],1.4130210109862124e-12,7.692446815452768e-14,2.21,8e-15
2022-07-26 14:25,ISME 16M [SEE],2.8090505620821217e-13,1.6032555531743655e-14,2.64,1.73e-15
2022-07-26 14:25,LUNA-c [SEE],7.82995978088466e-14,7.820792932757406e-15,11.0,1.19e-15
2022-07-26 14:25,01G9274 [SEE],7.033212068662564e-14,6.663189415867206e-15,10.0,9.877e-16
2022-07-26 14:25,ISM 16M [SEE],1.4276115759241836e-13,9.967681355531887e-15,5.0,1.24e-15
2022-07-26 14:30,93L422 [SEE],1.3935292869572452e-08,1.06974022606781e-09,6.5,1.418e-10
2022-07-26 14:30,93L422AM [SEE],3.081881413186122e-08,2.365800669216257e-09,6.5,3.136e-10
2022-07-26 14:30,2901B [SEE],4.0927648817569e-11,6.092841728655392e-11,48.0,1.52e-11
2022-07-26 14:30,2164 [SEE],1.0237570594037028e-09,6.278740294248112e-11,3.5,7.2e-12
2022-07-26 14:30,HM6116 [SEE],1.7316301773936514e-11,9.123173671565322e-12,40.0,2.116e-12
2022-07-26 14:30,D424100V [SEE],2.6274539563481986e-11,2.6176653992582143e-12,11.0,3.983e-13
2022-07-26 14:30,62256R [SEE],4.11333933895287e-11,3.6724605049713456e-12,9.0,5.292e-13
2022-07-26 14:30,HYB51410 [SEE],2.0507272468715623e-11,2.1531730544314137e-12,12.0,3.357e-13
2022-07-26 14:30,MB814100 [SEE],1.310023550565171e-11,1.1036432882127023e-12,8.0,1.542e-13
2022-07-26 14:30,HM6516 [SEE],2.0709971941847195e-12,1.8703691862131184e-12,45.0,4.545e-13
2022-07-26 14:30,OW-62256 [SEE],1.6939699540994628e-11,2.069953142301227e-12,15.0,3.443e-13
2022-07-26 14:30,SMJ44100 [SEE],8.618828253250134e-12,1.0019717258559443e-12,14.0,1.633e-13
2022-07-26 14:30,TC514100 [SEE],7.598394651939744e-12,1.309674440190528e-12,22.0,2.455e-13
2022-07-26 14:30,HM-65656 [SEE],5.32840389279616e-12,6.511063761580683e-13,15.0,1.083e-13
2022-07-26 14:30,MT4C1004 [SEE],6.2892658849670405e-12,6.265835279067993e-13,11.0,9.534e-14
2022-07-26 14:30,MT4C4001 [SEE],5.016532897506014e-12,4.4788473354280164e-13,9.0,6.454e-14
2022-07-26 14:30,KM41C4000 [SEE],5.7889561603651565e-12,5.615132524288984e-13,10.5,8.435e-14
2022-07-26 14:30,6283H [SEE],7.346563679938905e-12,6.935059956982371e-13,10.0,1.028e-13
2022-07-26 14:30,Samsung 16M [SEE],8.208366214477377e-12,3.8085371722204854e-13,1.17,3.5e-14
2022-07-26 14:30,Hitachi 16M [SEE],3.4907039889502548e-12,1.6833820807778427e-13,1.4,1.6e-14
2022-07-26 14:30,Micron 16M [SEE],1.4297647601473787e-12,7.692446815452768e-14,2.21,8e-15
2022-07-26 14:30,ISME 16M [SEE],2.840802679554209e-13,1.6032555531743655e-14,2.64,1.73e-15
2022-07-26 14:30,LUNA-c [SEE],7.850038182411137e-14,7.820792932757406e-15,11.0,1.19e-15
2022-07-26 14:30,01G9274 [SEE],7.058561232174764e-14,6.663189415867206e-15,10.0,9.877e-16
2022-07-26 14:30,ISM 16M [SEE],1.4399996493422596e-13,9.967681355531887e-15,5.0,1.24e-15
2022-07-26 14:35,93L422 [SEE],1.2743611468790337e-08,1.06974022606781e-09,6.5,1.418e-10
2022-07-26 14:35,93L422AM [SEE],2.8183332557211914e-08,2.365800669216257e-09,6.5,3.136e-10
2022-07-26 14:35,2901B [SEE],-1.312883915676765e-11,6.092841728655392e-11,48.0,1.52e-11
2022-07-26 14:35,2164 [SEE],9.505605407005213e-10,6.278740294248112e-11,3.5,7.2e-12
2022-07-26 14:35,HM6116 [SEE],8.985142390045954e-12,9.123173671565322e-12,40.0,2.116e-12
2022-07-26 14:35,D424100V [SEE],2.3487809997563456e-11,2.6176653992582143e-12,11.0,3.983e-13
2022-07-26 14:35,62256R [SEE],3.715208057015539e-11,3.6724605049713456e-12,9.0,5.292e-13
2022-07-26 14:35,HYB51410 [SEE],1.8233856087273514e-11,2.1531730544314137e-12,12.0,3.357e-13
2022-07-26 14:35,MB814100 [SEE],1.1891572313360558e-11,1.1036432882127023e-12,8.0,1.542e-13
2022-07-26 14:35,HM6516 [SEE],3.9408851008073414e-13,1.8703691862131184e-12,45.0,4.545e-13
2022-07-26 14:35,OW-62256 [SEE],1.480227715837127e-11,2.069953142301227e-12,15.0,3.443e-13
2022-07-26 14:35,SMJ44100 [SEE],7.576862117616054e-12,1.0019717258559443e-12,14.0,1.633e-13
2022-07-26 14:35,TC514100 [SEE],6.302341466992126e-12,1.309674440190528e-12,22.0,2.455e-13
2022-07-26 14:35,HM-65656 [SEE],4.656074981851898e-12,6.511063761580683e-13,15.0,1.083e-13
2022-07-26 14:35,MT4C1004 [SEE],5.622213922088124e-12,6.265835279067993e-13,11.0,9.534e-14
2022-07-26 14:35,MT4C4001 [SEE],4.5309812547200086e-12,4.4788473354280164e-13,9.0,6.454e-14
2022-07-26 14:35,KM41C4000 [SEE],5.188592797292382e-12,5.615132524288984e-13,10.5,8.435e-14
2022-07-26 14:35,6283H [SEE],6.601763609282772e-12,6.935059956982371e-13,10.0,1.028e-13
2022-07-26 14:35,Samsung 16M [SEE],7.734048246871911e-12,3.8085371722204854e-13,1.17,3.5e-14
2022-07-26 14:35,Hitachi 16M [SEE],3.2831111020728164e-12,1.6833820807778427e-13,1.4,1.6e-14
2022-07-26 14:35,Micron 16M [SEE],1.337396475742376e-12,7.692446815452768e-14,2.21,8e-15
2022-07-26 14:35,ISME 16M [SEE],2.65040901403904e-13,1.6032555531743655e-14,2.64,1.73e-15
2022-07-26 14:35,LUNA-c [SEE],7.017447626688555e-14,7.820792932757406e-15,11.0,1.19e-15
2022-07-26 14:35,01G9274 [SEE],6.342959063121201e-14,6.663189415867206e-15,10.0,9.877e-16
2022-07-26 14:35,ISM 16M [SEE],1.3266986113720987e-13,9.967681355531887e-15,5.0,1.24e-15
2022-07-26 14:40,93L422 [SEE],1.2197199352333362e-08,1.06974022606781e-09,6.5,1.418e-10
2022-07-26 14:40,93L422AM [SEE],2.6974906325047548e-08,2.365800669216257e-09,6.5,3.136e-10
2022-07-26 14:40,2901B [SEE],-4.559282988373272e-11,6.092841728655392e-11,48.0,1.52e-11
2022-07-26 14:40,2164 [SEE],9.191776923934326e-10,6.278740294248112e-11,3.5,7.2e-12
2022-07-26 14:40,HM6116 [SEE],4.124776295644295e-12,9.123173671565322e-12,40.0,2.116e-12
2022-07-26 14:40,D424100V [SEE],2.2128047010099952e-11,2.6176653992582143e-12,11.0,3.983e-13
2022-07-26 14:40,62256R [SEE],3.525612850364866e-11,3.6724605049713456e-12,9.0,5.292e-13
2022-07-26 14:40,HYB51410 [SEE],1.7112514561831108e-11,2.1531730544314137e-12,12.0,3.357e-13
2022-07-26 14:40,MB814100 [SEE],1.1323949786970522e-11,1.1036432882127023e-12,8.0,1.542e-13
2022-07-26 14:40,HM6516 [SEE],-6.025830608115299e-13,1.8703691862131184e-12,45.0,4.545e-13
2022-07-26 14:40,OW-62256 [SEE],1.371761284093875e-11,2.069953142301227e-12,15.0,3.443e-13
2022-07-26 14:40,SMJ44100 [SEE],7.0527896485049854e-12,1.0019717258559443e-12,14.0,1.633e-13
2022-07-26 14:40,TC514100 [SEE],5.609924518412916e-12,1.309674440190528e-12,22.0,2.455e-13
2022-07-26 14:40,HM-65656 [SEE],4.314892450402751e-12,6.511063761580683e-13,15.0,1.083e-13
2022-07-26 14:40,MT4C1004 [SEE],5.2967311120836786e-12,6.265835279067993e-13,11.0,9.534e-14
2022-07-26 14:40,MT4C4001 [SEE],4.299755354545512e-12,4.4788473354280164e-13,9.0,6.454e-14
2022-07-26 14:40,KM41C4000 [SEE],4.897318486850103e-12,5.615132524288984e-13,10.5,8.435e-14
2022-07-26 14:40,6283H [SEE],6.242555302258102e-12,6.935059956982371e-13,10.0,1.028e-13
2022-07-26 14:40,Samsung 16M [SEE],7.551131646053998e-12,3.8085371722204854e-13,1.17,3.5e-14
2022-07-26 14:40,Hitachi 16M [SEE],3.201732378770358e-12,1.6833820807778427e-13,1.4,1.6e-14
2022-07-26 14:40,Micron 16M [SEE],1.2995842081204571e-12,7.692446815452768e-14,2.21,8e-15
2022-07-26 14:40,ISME 16M [SEE],2.5710882400174974e-13,1.6032555531743655e-14,2.64,1.73e-15
2022-07-26 14:40,LUNA-c [SEE],6.611191549590495e-14,7.820792932757406e-15,11.0,1.19e-15
2022-07-26 14:40,01G9274 [SEE],5.997832560350515e-14,6.663189415867206e-15,10.0,9.877e-16
2022-07-26 14:40,ISM 16M [SEE],1.2762421290960559e-13,9.967681355531887e-15,5.0,1.24e-15
2022-07-26 14:45,93L422 [SEE],1.2743611468790337e-08,1.06974022606781e-09,6.5,1.418e-10
2022-07-26 14:45,93L422AM [SEE],2.8183332557211914e-08,2.365800669216257e-09,6.5,3.136e-10
2022-07-26 14:45,2901B [SEE],-1.312883915676765e-11,6.092841728655392e-11,48.0,1.52e-11
2022-07-26 14:45,2164 [SEE],9.505605407005213e-10,6.278740294248112e-11,3.5,7.2e-12
2022-07-26 14:45,HM6116 [SEE],8.985142390045954e-12,9.123173671565322e-12,40.0,2.116e-12
2022-07-26 14:45,D424100V [SEE],2.3487809997563456e-11,2.6176653992582143e-12,11.0,3.983e-13
2022-07-26 14:45,62256R [SEE],3.715208057015539e-11,3.6724605049713456e-12,9.0,5.292e-13
2022-07-26 14:45,HYB51410 [SEE],1.8233856087273514e-11,2.1531730544314137e-12,12.0,3.357e-13
2022-07-26 14:45,MB814100 [SEE],1.1891572313360558e-11,1.1036432882127023e-12,8.0,1.542e-13
2022-07-26 14:45,HM6516 [SEE],3.9408851008073414e-13,1.8703691862131184e-12,45.0,4.545e-13
2022-07-26 14:45,OW-62256 [SEE],1.480227715837127e-11,2.069953142301227e-12,15.0,3.443e-13
2022-07-26 14:45,SMJ44100 [SEE],7.576862117616054e-12,1.0019717258559443e-12,14.0,1.633e-13
2022-07-26 14:45,TC514100 [SEE],6.302341466992126e-12,1.309674440190528e-12,22.0,2.455e-13
2022-07-26 14:45,HM-65656 [SEE],4.656074981851898e-12,6.511063761580683e-13,15.0,1.083e-13
2022-07-26 14:45,MT4C1004 [SEE],5.622213922088124e-12,6.265835279067993e-13,11.0,9.534e-14
2022-07-26 14:45,MT4C4001 [SEE],4.5309812547200086e-12,4.4788473354280164e-13,9.0,6.454e-14
2022-07-26 14:45,KM41C4000 [SEE],5.188592797292382e-12,5.615132524288984e-13,10.5,8.435e-14
2022-07-26 14:45,6283H [SEE],6.601763609282772e-12,6.935059956982371e-13,10.0,1.028e-13
2022-07-26 14:45,Samsung 16M [SEE],7.734048246871911e-12,3.8085371722204854e-13,1.17,3.5e-14
2022-07-26 14:45,Hitachi 16M [SEE],3.2831111020728164e-12,1.6833820807778427e-13,1.4,1.6e-14
2022-07-26 14:45,Micron 16M [SEE],1.337396475742376e-12,7.692446815452768e-14,2.21,8e-15
2022-07-26 14:45,ISME 16M [SEE],2.65040901403904e-13,1.6032555531743655e-14,2.64,1.73e-15
2022-07-26 14:45,LUNA-c [SEE],7.017447626688555e-14,7.820792932757406e-15,11.0,1.19e-15
2022-07-26 14:45,01G9274 [SEE],6.342959063121201e-14,6.663189415867206e-15,10.0,9.877e-16
2022-07-26 14:45,ISM 16M [SEE],1.3266986113720987e-13,9.967681355531887e-15,5.0,1.24e-15
2022-07-26 14:50,93L422 [SEE],1.2842468636658516e-08,1.06974022606781e-09,6.5,1.418e-10
2022-07-26 14:50,93L422AM [SEE],2.8401961667532517e-08,2.365800669216257e-09,6.5,3.136e-10
2022-07-26 14:50,2901B [SEE],-2.4000332636359434e-11,6.092841728655392e-11,48.0,1.52e-11
2022-07-26 14:50,2164 [SEE],9.609913627895263e-10,6.278740294248112e-11,3.5,7.2e-12
2022-07-26 14:50,HM6116 [SEE],7.595569585133432e-12,9.123173671565322e-12,40.0,2.116e-12
2022-07-26 14:50,D424100V [SEE],2.3555013588555017e-11,2.6176653992582143e-12,11.0,3.983e-13
2022-07-26 14:50,62256R [SEE],3.734148925651532e-11,3.6724605049713456e-12,9.0,5.292e-13
2022-07-26 14:50,HYB51410 [SEE],1.8264589417830867e-11,2.1531730544314137e-12,12.0,3.357e-13
2022-07-26 14:50,MB814100 [SEE],1.1964990452871655e-11,1.1036432882127023e-12,8.0,1.542e-13
2022-07-26 14:50,HM6516 [SEE],7.765405240024316e-14,1.8703691862131184e-12,45.0,4.545e-13
2022-07-26 14:50,OW-62256 [SEE],1.4770370906129624e-11,2.069953142301227e-12,15.0,3.443e-13
2022-07-26 14:50,SMJ44100 [SEE],7.57068331502802e-12,1.0019717258559443e-12,14.0,1.633e-13
2022-07-26 14:50,TC514100 [SEE],6.213560754781354e-12,1.309674440190528e-12,22.0,2.455e-13
2022-07-26 14:50,HM-65656 [SEE],4.646038829897875e-12,6.511063761580683e-13,15.0,1.083e-13
2022-07-26 14:50,MT4C1004 [SEE],5.638300264958161e-12,6.265835279067993e-13,11.0,9.534e-14
2022-07-26 14:50,MT4C4001 [SEE],4.554081097157026e-12,4.4788473354280164e-13,9.0,6.454e-14
2022-07-26 14:50,KM41C4000 [SEE],5.206407539480609e-12,5.615132524288984e-13,10.5,8.435e-14
2022-07-26 14:50,6283H [SEE],6.628147065889578e-12,6.935059956982371e-13,10.0,1.028e-13
2022-07-26 14:50,Samsung 16M [SEE],7.84253301284155e-12,3.8085371722204854e-13,1.17,3.5e-14
2022-07-26 14:50,Hitachi 16M [SEE],3.3279465423453387e-12,1.6833820807778427e-13,1.4,1.6e-14
2022-07-26 14:50,Micron 16M [SEE],1.3541402249035416e-12,7.692446815452768e-14,2.21,8e-15
2022-07-26 14:50,ISME 16M [SEE],2.6821611315111263e-13,1.6032555531743655e-14,2.64,1.73e-15
2022-07-26 14:50,LUNA-c [SEE],7.037526028215033e-14,7.820792932757406e-15,11.0,1.19e-15
2022-07-26 14:50,01G9274 [SEE],6.368308226633402e-14,6.663189415867206e-15,10.0,9.877e-16
2022-07-26 14:50,ISM 16M [SEE],1.339086684790175e-13,9.967681355531887e-15,5.0,1.24e-15
2022-07-26 14:55,93L422 [SEE],1.5923226999663926e-08,1.06974022606781e-09,6.5,1.418e-10
2022-07-26 14:55,93L422AM [SEE],3.521526083987735e-08,2.365800669216257e-09,6.5,3.136e-10
2022-07-26 14:55,2901B [SEE],1.9252659868460698e-10,6.092841728655392e-11,48.0,1.52e-11
2022-07-26 14:55,2164 [SEE],1.1284268084540442e-09,6.278740294248112e-11,3.5,7.2e-12
2022-07-26 14:55,HM6116 [SEE],3.95369117613673e-11,9.123173671565322e-12,40.0,2.116e-12
2022-07-26 14:55,D424100V [SEE],3.1579184331352666e-11,2.6176653992582143e-12,11.0,3.983e-13
2022-07-26 14:55,62256R [SEE],4.8338384282835517e-11,3.6724605049713456e-12,9.0,5.292e-13
2022-07-26 14:55,HYB51410 [SEE],2.4931171909370337e-11,2.1531730544314137e-12,12.0,3.357e-13
2022-07-26 14:55,MB814100 [SEE],1.522388933218958e-11,1.1036432882127023e-12,8.0,1.542e-13
2022-07-26 14:55,HM6516 [SEE],6.690552393114578e-12,1.8703691862131184e-12,45.0,4.545e-13
2022-07-26 14:55,OW-62256 [SEE],2.134216931520782e-11,2.069953142301227e-12,15.0,3.443e-13
2022-07-26 14:55,SMJ44100 [SEE],1.072747573487038e-11,1.0019717258559443e-12,14.0,1.633e-13
2022-07-26 14:55,TC514100 [SEE],1.0545623870678007e-11,1.309674440190528e-12,22.0,2.455e-13
2022-07-26 14:55,HM-65656 [SEE],6.713206322500746e-12,6.511063761580683e-13,15.0,1.083e-13
2022-07-26 14:55,MT4C1004 [SEE],7.559024439244697e-12,6.265835279067993e-13,11.0,9.534e-14
2022-07-26 14:55,MT4C4001 [SEE],5.895236813329939e-12,4.4788473354280164e-13,9.0,6.454e-14
2022-07-26 14:55,KM41C4000 [SEE],6.918423917757773e-12,5.615132524288984e-13,10.5,8.435e-14
2022-07-26 14:55,6283H [SEE],8.730629994823918e-12,6.935059956982371e-13,10.0,1.028e-13
2022-07-26 14:55,Samsung 16M [SEE],8.723063085809734e-12,3.8085371722204854e-13,1.17,3.5e-14
2022-07-26 14:55,Hitachi 16M [SEE],3.726548001615037e-12,1.6833820807778427e-13,1.4,1.6e-14
2022-07-26 14:55,Micron 16M [SEE],1.5475263323127171e-12,7.692446815452768e-14,2.21,8e-15
2022-07-26 14:55,ISME 16M [SEE],3.0945815406961943e-13,1.6032555531743655e-14,2.64,1.73e-15
2022-07-26 14:55,LUNA-c [SEE],9.434905687750358e-14,7.820792932757406e-15,11.0,1.19e-15
2022-07-26 14:55,01G9274 [SEE],8.38836891623306e-14,6.663189415867206e-15,10.0,9.877e-16
2022-07-26 14:55,ISM 16M [SEE],1.617049431610273e-13,9.967681355531887e-15,5.0,1.24e-15
2022-07-26 15:00,93L422 [SEE],1.338888075311547e-08,1.06974022606781e-09,6.5,1.418e-10
2022-07-26 15:00,93L422AM [SEE],2.961038789969684e-08,2.365800669216257e-09,6.5,3.136e-10
2022-07-26 15:00,2901B [SEE],8.463658090603827e-12,6.092841728655392e-11,48.0,1.52e-11
2022-07-26 15:00,2164 [SEE],9.923742110966137e-10,6.278740294248112e-11,3.5,7.2e-12
2022-07-26 15:00,HM6116 [SEE],1.2455935679534829e-11,9.123173671565322e-12,40.0,2.116e-12
2022-07-26 15:00,D424100V [SEE],2.491477657601847e-11,2.6176653992582143e-12,11.0,3.983e-13
2022-07-26 15:00,62256R [SEE],3.923744132302195e-11,3.6724605049713456e-12,9.0,5.292e-13
2022-07-26 15:00,HYB51410 [SEE],1.9385930943273218e-11,2.1531730544314137e-12,12.0,3.357e-13
2022-07-26 15:00,MB814100 [SEE],1.2532612979261668e-11,1.1036432882127023e-12,8.0,1.542e-13
2022-07-26 15:00,HM6516 [SEE],1.074325623292453e-12,1.8703691862131184e-12,45.0,4.545e-13
2022-07-26 15:00,OW-62256 [SEE],1.5855035223562098e-11,2.069953142301227e-12,15.0,3.443e-13
2022-07-26 15:00,SMJ44100 [SEE],8.094755784139062e-12,1.0019717258559443e-12,14.0,1.633e-13
2022-07-26 15:00,TC514100 [SEE],6.9059777033605286e-12,1.309674440190528e-12,22.0,2.455e-13
2022-07-26 15:00,HM-65656 [SEE],4.987221361347009e-12,6.511063761580683e-13,15.0,1.083e-13
2022-07-26 15:00,MT4C1004 [SEE],5.963783074962593e-12,6.265835279067993e-13,11.0,9.534e-14
2022-07-26 15:00,MT4C4001 [SEE],4.785306997331514e-12,4.4788473354280164e-13,9.0,6.454e-14
2022-07-26 15:00,KM41C4000 [SEE],5.497681849922874e-12,5.615132524288984e-13,10.5,8.435e-14
2022-07-26 15:00,6283H [SEE],6.987355372914231e-12,6.935059956982371e-13,10.0,1.028e-13
2022-07-26 15:00,Samsung 16M [SEE],8.025449613659458e-12,3.8085371722204854e-13,1.17,3.5e-14
2022-07-26 15:00,Hitachi 16M [SEE],3.409325265647795e-12,1.6833820807778427e-13,1.4,1.6e-14
2022-07-26 15:00,Micron 16M [SEE],1.3919524925254596e-12,7.692446815452768e-14,2.21,8e-15
2022-07-26 15:00,ISME 16M [SEE],2.7614819055326657e-13,1.6032555531743655e-14,2.64,1.73e-15
2022-07-26 15:00,LUNA-c [SEE],7.443782105313073e-14,7.820792932757406e-15,11.0,1.19e-15
2022-07-26 15:00,01G9274 [SEE],6.713434729404073e-14,6.663189415867206e-15,10.0,9.877e-16
2022-07-26 15:00,ISM 16M [SEE],1.389543167066216e-13,9.967681355531887e-15,5.0,1.24e-15
2022-07-26 15:05,93L422 [SEE],1.4382847818161252e-08,1.06974022606781e-09,6.5,1.418e-10
2022-07-26 15:05,93L422AM [SEE],3.1808611253705e-08,2.365800669216257e-09,6.5,3.136e-10
2022-07-26 15:05,2901B [SEE],8.426313302412593e-11,6.092841728655392e-11,48.0,1.52e-11
2022-07-26 15:05,2164 [SEE],1.0447090856217869e-09,6.278740294248112e-11,3.5,7.2e-12
2022-07-26 15:05,HM6116 [SEE],2.3566240673250682e-11,9.123173671565322e-12,40.0,2.116e-12
2022-07-26 15:05,D424100V [SEE],2.756709895995393e-11,2.6176653992582143e-12,11.0,3.983e-13
2022-07-26 15:05,62256R [SEE],4.2839936769675526e-11,3.6724605049713456e-12,9.0,5.292e-13
2022-07-26 15:05,HYB51410 [SEE],2.159788066360067e-11,2.1531730544314137e-12,12.0,3.357e-13
2022-07-26 15:05,MB814100 [SEE],1.359443989253065e-11,1.1036432882127023e-12,8.0,1.542e-13
2022-07-26 15:05,HM6516 [SEE],3.3841032227574745e-12,1.8703691862131184e-12,45.0,4.545e-13
2022-07-26 15:05,OW-62256 [SEE],1.8056270110668787e-11,2.069953142301227e-12,15.0,3.443e-13
2022-07-26 15:05,SMJ44100 [SEE],9.149079524949232e-12,1.0019717258559443e-12,14.0,1.633e-13
2022-07-26 15:05,TC514100 [SEE],8.379592312729723e-12,1.309674440190528e-12,22.0,2.455e-13
2022-07-26 15:05,HM-65656 [SEE],5.6796225761993306e-12,6.511063761580683e-13,15.0,1.083e-13
2022-07-26 15:05,MT4C1004 [SEE],6.598662352101449e-12,6.265835279067993e-13,11.0,9.534e-14
2022-07-26 15:05,MT4C4001 [SEE],5.2246589552434966e-12,4.4788473354280164e-13,9.0,6.454e-14
2022-07-26 15:05,KM41C4000 [SEE],6.0624157286192075e-12,5.615132524288984e-13,10.5,8.435e-14
2022-07-26 15:05,6283H [SEE],7.679388530356768e-12,6.935059956982371e-13,10.0,1.028e-13
2022-07-26 15:05,Samsung 16M [SEE],8.282798049325651e-12,3.8085371722204854e-13,1.17,3.5e-14
2022-07-26 15:05,Hitachi 16M [SEE],3.5272472719801914e-12,1.6833820807778427e-13,1.4,1.6e-14
2022-07-26 15:05,Micron 16M [SEE],1.4508332786081316e-12,7.692446815452768e-14,2.21,8e-15
2022-07-26 15:05,ISME 16M [SEE],2.8883713361036646e-13,1.6032555531743655e-14,2.64,1.73e-15
2022-07-26 15:05,LUNA-c [SEE],8.236215857982718e-14,7.820792932757406e-15,11.0,1.19e-15
2022-07-26 15:05,01G9274 [SEE],7.37833857143325e-14,6.663189415867206e-15,10.0,9.877e-16
2022-07-26 15:05,ISM 16M [SEE],1.4780680582002267e-13,9.967681355531887e-15,5.0,1.24e-15
2022-07-26 15:10,93L422 [SEE],1.0656820170830698e-08,1.06974022606781e-09,6.5,1.418e-10
2022-07-26 15:10,93L422AM [SEE],2.3568256738875216e-08,2.365800669216257e-09,6.5,3.136e-10
2022-07-26 15:10,2901B [SEE],-1.5385629554421297e-10,6.092841728655392e-11,48.0,1.52e-11
2022-07-26 15:10,2164 [SEE],8.354599695611756e-10,6.278740294248112e-11,3.5,7.2e-12
2022-07-26 15:10,HM6116 [SEE],-1.1845894792472203e-11,9.123173671565322e-12,40.0,2.116e-12
2022-07-26 15:10,D424100V [SEE],1.811596163870123e-11,2.6176653992582143e-12,11.0,3.983e-13
2022-07-26 15:10,62256R [SEE],2.9757680990488704e-11,3.6724605049713456e-12,9.0,5.292e-13
2022-07-26 15:10,HYB51410 [SEE],1.3779223316061464e-11,2.1531730544314137e-12,12.0,3.357e-13
2022-07-26 15:10,MB814100 [SEE],9.694500347311601e-12,1.1036432882127023e-12,8.0,1.542e-13
2022-07-26 15:10,HM6516 [SEE],-3.9090322311686086e-12,1.8703691862131184e-12,45.0,4.545e-13
2022-07-26 15:10,OW-62256 [SEE],1.0431713636399736e-11,2.069953142301227e-12,15.0,3.443e-13
2022-07-26 15:10,SMJ44100 [SEE],5.474393438583847e-12,1.0019717258559443e-12,14.0,1.633e-13
2022-07-26 15:10,TC514100 [SEE],3.443892960464645e-12,1.309674440190528e-12,22.0,2.455e-13
2022-07-26 15:10,HM-65656 [SEE],3.2813087041013407e-12,6.511063761580683e-13,15.0,1.083e-13
2022-07-26 15:10,MT4C1004 [SEE],4.3363690249404364e-12,6.265835279067993e-13,11.0,9.534e-14
2022-07-26 15:10,MT4C4001 [SEE],3.629177496459071e-12,4.4788473354280164e-13,9.0,6.454e-14
2022-07-26 15:10,KM41C4000 [SEE],4.041310297711544e-12,5.615132524288984e-13,10.5,8.435e-14
2022-07-26 15:10,6283H [SEE],5.191313837790957e-12,6.935059956982371e-13,10.0,1.028e-13
2022-07-26 15:10,Samsung 16M [SEE],7.110866609569917e-12,3.8085371722204854e-13,1.17,3.5e-14
2022-07-26 15:10,Hitachi 16M [SEE],3.0024316491355134e-12,1.6833820807778427e-13,1.4,1.6e-14
2022-07-26 15:10,Micron 16M [SEE],1.2028911544158716e-12,7.692446815452768e-14,2.21,8e-15
2022-07-26 15:10,ISME 16M [SEE],2.364878035424969e-13,1.6032555531743655e-14,2.64,1.73e-15
2022-07-26 15:10,LUNA-c [SEE],5.412501719822865e-14,7.820792932757406e-15,11.0,1.19e-15
2022-07-26 15:10,01G9274 [SEE],4.987802215550711e-14,6.663189415867206e-15,10.0,9.877e-16
2022-07-26 15:10,ISM 16M [SEE],1.13726075568601e-13,9.967681355531887e-15,5.0,1.24e-15
2022-07-26 15:15,93L422 [SEE],1.2296056520201558e-08,1.06974022606781e-09,6.5,1.418e-10
2022-07-26 15:15,93L422AM [SEE],2.7193535435368184e-08,2.365800669216257e-09,6.5,3.136e-10
2022-07-26 15:15,2901B [SEE],-5.6464323363323186e-11,6.092841728655392e-11,48.0,1.52e-11
2022-07-26 15:15,2164 [SEE],9.296085144824383e-10,6.278740294248112e-11,3.5,7.2e-12
2022-07-26 15:15,HM6116 [SEE],2.735203490731986e-12,9.123173671565322e-12,40.0,2.116e-12
2022-07-26 15:15,D424100V [SEE],2.2195250601091568e-11,2.6176653992582143e-12,11.0,3.983e-13
2022-07-26 15:15,62256R [SEE],3.544553719000865e-11,3.6724605049713456e-12,9.0,5.292e-13
2022-07-26 15:15,HYB51410 [SEE],1.7143247892388506e-11,2.1531730544314137e-12,12.0,3.357e-13
2022-07-26 15:15,MB814100 [SEE],1.139736792648164e-11,1.1036432882127023e-12,8.0,1.542e-13
2022-07-26 15:15,HM6516 [SEE],-9.190175184919789e-13,1.8703691862131184e-12,45.0,4.545e-13
2022-07-26 15:15,OW-62256 [SEE],1.3685706588697146e-11,2.069953142301227e-12,15.0,3.443e-13
2022-07-26 15:15,SMJ44100 [SEE],7.046610845916974e-12,1.0019717258559443e-12,14.0,1.633e-13
2022-07-26 15:15,TC514100 [SEE],5.521143806202171e-12,1.309674440190528e-12,22.0,2.455e-13
2022-07-26 15:15,HM-65656 [SEE],4.30485629844874e-12,6.511063761580683e-13,15.0,1.083e-13
2022-07-26 15:15,MT4C1004 [SEE],5.312817454953729e-12,6.265835279067993e-13,11.0,9.534e-14
2022-07-26 15:15,MT4C4001 [SEE],4.322855196982536e-12,4.4788473354280164e-13,9.0,6.454e-14
2022-07-26 15:15,KM41C4000 [SEE],4.915133229038341e-12,5.615132524288984e-13,10.5,8.435e-14
2022-07-26 15:15,6283H [SEE],6.2689387588649215e-12,6.935059956982371e-13,10.0,1.028e-13
2022-07-26 15:15,Samsung 16M [SEE],7.659616412023643e-12,3.8085371722204854e-13,1.17,3.5e-14
2022-07-26 15:15,Hitachi 16M [SEE],3.246567819042882e-12,1.6833820807778427e-13,1.4,1.6e-14
2022-07-26 15:15,Micron 16M [SEE],1.316327957281624e-12,7.692446815452768e-14,2.21,8e-15
2022-07-26 15:15,ISME 16M [SEE],2.6028403574895864e-13,1.6032555531743655e-14,2.64,1.73e-15
2022-07-26 15:15,LUNA-c [SEE],6.631269951116989e-14,7.820792932757406e-15,11.0,1.19e-15
2022-07-26 15:15,01G9274 [SEE],6.023181723862725e-14,6.663189415867206e-15,10.0,9.877e-16
2022-07-26 15:15,ISM 16M [SEE],1.2886302025141333e-13,9.967681355531887e-15,5.0,1.24e-15
2022-07-26 15:20,93L422 [SEE],1.3290023585247273e-08,1.06974022606781e-09,6.5,1.418e-10
2022-07-26 15:20,93L422AM [SEE],2.9391758789376204e-08,2.365800669216257e-09,6.5,3.136e-10
2022-07-26 15:20,2901B [SEE],1.9335151570194318e-11,6.092841728655392e-11,48.0,1.52e-11
2022-07-26 15:20,2164 [SEE],9.819433890076079e-10,6.278740294248112e-11,3.5,7.2e-12
2022-07-26 15:20,HM6116 [SEE],1.3845508484447157e-11,9.123173671565322e-12,40.0,2.116e-12
2022-07-26 15:20,D424100V [SEE],2.4847572985026853e-11,2.6176653992582143e-12,11.0,3.983e-13
2022-07-26 15:20,62256R [SEE],3.904803263666199e-11,3.6724605049713456e-12,9.0,5.292e-13
2022-07-26 15:20,HYB51410 [SEE],1.935519761271582e-11,2.1531730544314137e-12,12.0,3.357e-13
2022-07-26 15:20,MB814100 [SEE],1.2459194839750552e-11,1.1036432882127023e-12,8.0,1.542e-13
2022-07-26 15:20,HM6516 [SEE],1.3907600809729012e-12,1.8703691862131184e-12,45.0,4.545e-13
2022-07-26 15:20,OW-62256 [SEE],1.58869414758037e-11,2.069953142301227e-12,15.0,3.443e-13
2022-07-26 15:20,SMJ44100 [SEE],8.100934586727076e-12,1.0019717258559443e-12,14.0,1.633e-13
2022-07-26 15:20,TC514100 [SEE],6.9947584155712754e-12,1.309674440190528e-12,22.0,2.455e-13
2022-07-26 15:20,HM-65656 [SEE],4.997257513301018e-12,6.511063761580683e-13,15.0,1.083e-13
2022-07-26 15:20,MT4C1004 [SEE],5.947696732092543e-12,6.265835279067993e-13,11.0,9.534e-14
2022-07-26 15:20,MT4C4001 [SEE],4.762207154894489e-12,4.4788473354280164e-13,9.0,6.454e-14
2022-07-26 15:20,KM41C4000 [SEE],5.4798671077346364e-12,5.615132524288984e-13,10.5,8.435e-14
2022-07-26 15:20,6283H [SEE],6.960971916307415e-12,6.935059956982371e-13,10.0,1.028e-13
2022-07-26 15:20,Samsung 16M [SEE],7.916964847689815e-12,3.8085371722204854e-13,1.17,3.5e-14
2022-07-26 15:20,Hitachi 16M [SEE],3.364489825375271e-12,1.6833820807778427e-13,1.4,1.6e-14
2022-07-26 15:20,Micron 16M [SEE],1.3752087433642923e-12,7.692446815452768e-14,2.21,8e-15
2022-07-26 15:20,ISME 16M [SEE],2.7297297880605767e-13,1.6032555531743655e-14,2.64,1.73e-15
2022-07-26 15:20,LUNA-c [SEE],7.423703703786582e-14,7.820792932757406e-15,11.0,1.19e-15
2022-07-26 15:20,01G9274 [SEE],6.68808556589186e-14,6.663189415867206e-15,10.0,9.877e-16
2022-07-26 15:20,ISM 16M [SEE],1.3771550936481385e-13,9.967681355531887e-15,5.0,1.24e-15
2022-07-26 15:25,93L422 [SEE],1.3836435701704272e-08,1.06974022606781e-09,6.5,1.418e-10
2022-07-26 15:25,93L422AM [SEE],3.060018502154062e-08,2.365800669216257e-09,6.5,3.136e-10
2022-07-26 15:25,2901B [SEE],5.1799142297161146e-11,6.092841728655392e-11,48.0,1.52e-11
2022-07-26 15:25,2164 [SEE],1.0133262373146978e-09,6.278740294248112e-11,3.5,7.2e-12
2022-07-26 15:25,HM6116 [SEE],1.870587457884907e-11,9.123173671565322e-12,40.0,2.116e-12
2022-07-26 15:25,D424100V [SEE],2.6207335972490418e-11,2.6176653992582143e-12,11.0,3.983e-13
2022-07-26 15:25,62256R [SEE],4.094398470316879e-11,3.6724605049713456e-12,9.0,5.292e-13
2022-07-26 15:25,HYB51410 [SEE],2.047653913815827e-11,2.1531730544314137e-12,12.0,3.357e-13
2022-07-26 15:25,MB814100 [SEE],1.3026817366140613e-11,1.1036432882127023e-12,8.0,1.542e-13
2022-07-26 15:25,HM6516 [SEE],2.387431651865221e-12,1.8703691862131184e-12,45.0,4.545e-13
2022-07-26 15:25,OW-62256 [SEE],1.697160579323627e-11,2.069953142301227e-12,15.0,3.443e-13
2022-07-26 15:25,SMJ44100 [SEE],8.625007055838167e-12,1.0019717258559443e-12,14.0,1.633e-13
2022-07-26 15:25,TC514100 [SEE],7.687175364150518e-12,1.309674440190528e-12,22.0,2.455e-13
2022-07-26 15:25,HM-65656 [SEE],5.338440044750184e-12,6.511063761580683e-13,15.0,1.083e-13
2022-07-26 15:25,MT4C1004 [SEE],6.2731795420970024e-12,6.265835279067993e-13,11.0,9.534e-14
2022-07-26 15:25,MT4C4001 [SEE],4.993433055068998e-12,4.4788473354280164e-13,9.0,6.454e-14
2022-07-26 15:25,KM41C4000 [SEE],5.771141418176929e-12,5.615132524288984e-13,10.5,8.435e-14
2022-07-26 15:25,6283H [SEE],7.3201802233321e-12,6.935059956982371e-13,10.0,1.028e-13
2022-07-26 15:25,Samsung 16M [SEE],8.099881448507735e-12,3.8085371722204854e-13,1.17,3.5e-14
2022-07-26 15:25,Hitachi 16M [SEE],3.445868548677732e-12,1.6833820807778427e-13,1.4,1.6e-14
2022-07-26 15:25,Micron 16M [SEE],1.4130210109862124e-12,7.692446815452768e-14,2.21,8e-15
2022-07-26 15:25,ISME 16M [SEE],2.8090505620821217e-13,1.6032555531743655e-14,2.64,1.73e-15
2022-07-26 15:25,LUNA-c [SEE],7.82995978088466e-14,7.820792932757406e-15,11.0,1.19e-15
2022-07-26 15:25,01G9274 [SEE],7.033212068662564e-14,6.663189415867206e-15,10.0,9.877e-16
2022-07-26 15:25,ISM 16M [SEE],1.4276115759241836e-13,9.967681355531887e-15,5.0,1.24e-15
2022-07-26 15:30,93L422 [SEE],1.2842468636658516e-08,1.06974022606781e-09,6.5,1.418e-10
2022-07-26 15:30,93L422AM [SEE],2.8401961667532517e-08,2.365800669216257e-09,6.5,3.136e-10
2022-07-26 15:30,2901B [SEE],-2.4000332636359434e-11,6.092841728655392e-11,48.0,1.52e-11
2022-07-26 15:30,2164 [SEE],9.609913627895263e-10,6.278740294248112e-11,3.5,7.2e-12
2022-07-26 15:30,HM6116 [SEE],7.595569585133432e-12,9.123173671565322e-12,40.0,2.116e-12
2022-07-26 15:30,D424100V [SEE],2.3555013588555017e-11,2.6176653992582143e-12,11.0,3.983e-13
2022-07-26 15:30,62256R [SEE],3.734148925651532e-11,3.6724605049713456e-12,9.0,5.292e-13
2022-07-26 15:30,HYB51410 [SEE],1.8264589417830867e-11,2.1531730544314137e-12,12.0,3.357e-13
2022-07-26 15:30,MB814100 [SEE],1.1964990452871655e-11,1.1036432882127023e-12,8.0,1.542e-13
2022-07-26 15:30,HM6516 [SEE],7.765405240024316e-14,1.8703691862131184e-12,45.0,4.545e-13
2022-07-26 15:30,OW-62256 [SEE],1.4770370906129624e-11,2.069953142301227e-12,15.0,3.443e-13
2022-07-26 15:30,SMJ44100 [SEE],7.57068331502802e-12,1.0019717258559443e-12,14.0,1.633e-13
2022-07-26 15:30,TC514100 [SEE],6.213560754781354e-12,1.309674440190528e-12,22.0,2.455e-13
2022-07-26 15:30,HM-65656 [SEE],4.646038829897875e-12,6.511063761580683e-13,15.0,1.083e-13
2022-07-26 15:30,MT4C1004 [SEE],5.638300264958161e-12,6.265835279067993e-13,11.0,9.534e-14
2022-07-26 15:30,MT4C4001 [SEE],4.554081097157026e-12,4.4788473354280164e-13,9.0,6.454e-14
2022-07-26 15:30,KM41C4000 [SEE],5.206407539480609e-12,5.615132524288984e-13,10.5,8.435e-14
2022-07-26 15:30,6283H [SEE],6.628147065889578e-12,6.935059956982371e-13,10.0,1.028e-13
2022-07-26 15:30,Samsung 16M [SEE],7.84253301284155e-12,3.8085371722204854e-13,1.17,3.5e-14
2022-07-26 15:30,Hitachi 16M [SEE],3.3279465423453387e-12,1.6833820807778427e-13,1.4,1.6e-14
2022-07-26 15:30,Micron 16M [SEE],1.3541402249035416e-12,7.692446815452768e-14,2.21,8e-15
2022-07-26 15:30,ISME 16M [SEE],2.6821611315111263e-13,1.6032555531743655e-14,2.64,1.73e-15
2022-07-26 15:30,LUNA-c [SEE],7.037526028215033e-14,7.820792932757406e-15,11.0,1.19e-15
2022-07-26 15:30,01G9274 [SEE],6.368308226633402e-14,6.663189415867206e-15,10.0,9.877e-16
2022-07-26 15:30,ISM 16M [SEE],1.339086684790175e-13,9.967681355531887e-15,5.0,1.24e-15
2022-07-26 15:35,93L422 [SEE],1.5923226999663926e-08,1.06974022606781e-09,6.5,1.418e-10
2022-07-26 15:35,93L422AM [SEE],3.521526083987735e-08,2.365800669216257e-09,6.5,3.136e-10
2022-07-26 15:35,2901B [SEE],1.9252659868460698e-10,6.092841728655392e-11,48.0,1.52e-11
2022-07-26 15:35,2164 [SEE],1.1284268084540442e-09,6.278740294248112e-11,3.5,7.2e-12
2022-07-26 15:35,HM6116 [SEE],3.95369117613673e-11,9.123173671565322e-12,40.0,2.116e-12
2022-07-26 15:35,D424100V [SEE],3.1579184331352666e-11,2.6176653992582143e-12,11.0,3.983e-13
2022-07-26 15:35,62256R [SEE],4.8338384282835517e-11,3.6724605049713456e-12,9.0,5.292e-13
2022-07-26 15:35,HYB51410 [SEE],2.4931171909370337e-11,2.1531730544314137e-12,12.0,3.357e-13
2022-07-26 15:35,MB814100 [SEE],1.522388933218958e-11,1.1036432882127023e-12,8.0,1.542e-13
2022-07-26 15:35,HM6516 [SEE],6.690552393114578e-12,1.8703691862131184e-12,45.0,4.545e-13
2022-07-26 15:35,OW-62256 [SEE],2.134216931520782e-11,2.069953142301227e-12,15.0,3.443e-13
2022-07-26 15:35,SMJ44100 [SEE],1.072747573487038e-11,1.0019717258559443e-12,14.0,1.633e-13
2022-07-26 15:35,TC514100 [SEE],1.0545623870678007e-11,1.309674440190528e-12,22.0,2.455e-13
2022-07-26 15:35,HM-65656 [SEE],6.713206322500746e-12,6.511063761580683e-13,15.0,1.083e-13
2022-07-26 15:35,MT4C1004 [SEE],7.559024439244697e-12,6.265835279067993e-13,11.0,9.534e-14
2022-07-26 15:35,MT4C4001 [SEE],5.895236813329939e-12,4.4788473354280164e-13,9.0,6.454e-14
2022-07-26 15:35,KM41C4000 [SEE],6.918423917757773e-12,5.615132524288984e-13,10.5,8.435e-14
2022-07-26 15:35,6283H [SEE],8.730629994823918e-12,6.935059956982371e-13,10.0,1.028e-13
2022-07-26 15:35,Samsung 16M [SEE],8.723063085809734e-12,3.8085371722204854e-13,1.17,3.5e-14
2022-07-26 15:35,Hitachi 16M [SEE],3.726548001615037e-12,1.6833820807778427e-13,1.4,1.6e-14
2022-07-26 15:35,Micron 16M [SEE],1.5475263323127171e-12,7.692446815452768e-14,2.21,8e-15
2022-07-26 15:35,ISME 16M [SEE],3.0945815406961943e-13,1.6032555531743655e-14,2.64,1.73e-15
2022-07-26 15:35,LUNA-c [SEE],9.434905687750358e-14,7.820792932757406e-15,11.0,1.19e-15
2022-07-26 15:35,01G9274 [SEE],8.38836891623306e-14,6.663189415867206e-15,10.0,9.877e-16
2022-07-26 15:35,ISM 16M [SEE],1.617049431610273e-13,9.967681355531887e-15,5.0,1.24e-15
2022-07-26 15:40,93L422 [SEE],1.5277957715338805e-08,1.06974022606781e-09,6.5,1.418e-10
2022-07-26 15:40,93L422AM [SEE],3.378820549739244e-08,2.365800669216257e-09,6.5,3.136e-10
2022-07-26 15:40,2901B [SEE],1.709341014372353e-10,6.092841728655392e-11,48.0,1.52e-11
2022-07-26 15:40,2164 [SEE],1.0866131380579526e-09,6.278740294248112e-11,3.5,7.2e-12
2022-07-26 15:40,HM6116 [SEE],3.60661184718784e-11,9.123173671565322e-12,40.0,2.116e-12
2022-07-26 15:40,D424100V [SEE],3.015221775289766e-11,2.6176653992582143e-12,11.0,3.983e-13
2022-07-26 15:40,62256R [SEE],4.625302352996897e-11,3.6724605049713456e-12,9.0,5.292e-13
2022-07-26 15:40,HYB51410 [SEE],2.377909705337064e-11,2.1531730544314137e-12,12.0,3.357e-13
2022-07-26 15:40,MB814100 [SEE],1.4582848666288473e-11,1.1036432882127023e-12,8.0,1.542e-13
2022-07-26 15:40,HM6516 [SEE],6.010315279902851e-12,1.8703691862131184e-12,45.0,4.545e-13
2022-07-26 15:40,OW-62256 [SEE],2.0289411250017002e-11,2.069953142301227e-12,15.0,3.443e-13
2022-07-26 15:40,SMJ44100 [SEE],1.0209582068347375e-11,1.0019717258559443e-12,14.0,1.633e-13
2022-07-26 15:40,TC514100 [SEE],9.941987634309607e-12,1.309674440190528e-12,22.0,2.455e-13
2022-07-26 15:40,HM-65656 [SEE],6.3820599430056386e-12,6.511063761580683e-13,15.0,1.083e-13
2022-07-26 15:40,MT4C1004 [SEE],7.217455286370233e-12,6.265835279067993e-13,11.0,9.534e-14
2022-07-26 15:40,MT4C4001 [SEE],5.640911070718439e-12,4.4788473354280164e-13,9.0,6.454e-14
2022-07-26 15:40,KM41C4000 [SEE],6.609334865127282e-12,5.615132524288984e-13,10.5,8.435e-14
2022-07-26 15:40,6283H [SEE],8.345038231192463e-12,6.935059956982371e-13,10.0,1.028e-13
2022-07-26 15:40,Samsung 16M [SEE],8.431661719022191e-12,3.8085371722204854e-13,1.17,3.5e-14
2022-07-26 15:40,Hitachi 16M [SEE],3.60033383804006e-12,1.6833820807778427e-13,1.4,1.6e-14
2022-07-26 15:40,Micron 16M [SEE],1.4929703155296348e-12,7.692446815452768e-14,2.21,8e-15
2022-07-26 15:40,ISME 16M [SEE],2.98350864920257e-13,1.6032555531743655e-14,2.64,1.73e-15
2022-07-26 15:40,LUNA-c [SEE],9.00857120912584e-14,7.820792932757406e-15,11.0,1.19e-15
2022-07-26 15:40,01G9274 [SEE],8.017893249950191e-14,6.663189415867206e-15,10.0,9.877e-16
2022-07-26 15:40,ISM 16M [SEE],1.554204875916157e-13,9.967681355531887e-15,5.0,1.24e-15
2022-07-26 15:45,93L422 [SEE],1.3191166417379138e-08,1.06974022606781e-09,6.5,1.418e-10
2022-07-26 15:45,93L422AM [SEE],2.91731296790557e-08,2.365800669216257e-09,6.5,3.136e-10
2022-07-26 15:45,2901B [SEE],3.020664504978884e-11,6.092841728655392e-11,48.0,1.52e-11
2022-07-26 15:45,2164 [SEE],9.715125669186056e-10,6.278740294248112e-11,3.5,7.2e-12
2022-07-26 15:45,HM6116 [SEE],1.5235081289360077e-11,9.123173671565322e-12,40.0,2.116e-12
2022-07-26 15:45,D424100V [SEE],2.4780369394035392e-11,2.6176653992582143e-12,11.0,3.983e-13
2022-07-26 15:45,62256R [SEE],3.885862395030221e-11,3.6724605049713456e-12,9.0,5.292e-13
2022-07-26 15:45,HYB51410 [SEE],1.9324464282158554e-11,2.1531730544314137e-12,12.0,3.357e-13
2022-07-26 15:45,MB814100 [SEE],1.2385776700239498e-11,1.1036432882127023e-12,8.0,1.542e-13
2022-07-26 15:45,HM6516 [SEE],1.707194538653477e-12,1.8703691862131184e-12,45.0,4.545e-13
2022-07-26 15:45,OW-62256 [SEE],1.591884772804543e-11,2.069953142301227e-12,15.0,3.443e-13
2022-07-26 15:45,SMJ44100 [SEE],8.10711338931515e-12,1.0019717258559443e-12,14.0,1.633e-13
2022-07-26 15:45,TC514100 [SEE],7.083539127782103e-12,1.309674440190528e-12,22.0,2.455e-13
2022-07-26 15:45,HM-65656 [SEE],5.007293665255068e-12,6.511063761580683e-13,15.0,1.083e-13
2022-07-26 15:45,MT4C1004 [SEE],5.931610389222532e-12,6.265835279067993e-13,11.0,9.534e-14
2022-07-26 15:45,MT4C4001 [SEE],4.7391073124574915e-12,4.4788473354280164e-13,9.0,6.454e-14
2022-07-26 15:45,KM41C4000 [SEE],5.462052365546433e-12,5.615132524288984e-13,10.5,8.435e-14
2022-07-26 15:45,6283H [SEE],6.934588459700636e-12,6.935059956982371e-13,10.0,1.028e-13
2022-07-26 15:45,Samsung 16M [SEE],7.808480081720189e-12,3.8085371722204854e-13,1.17,3.5e-14
2022-07-26 15:45,Hitachi 16M [SEE],3.319654385102754e-12,1.6833820807778427e-13,1.4,1.6e-14
2022-07-26 15:45,Micron 16M [SEE],1.3584649942031293e-12,7.692446815452768e-14,2.21,8e-15
2022-07-26 15:45,ISME 16M [SEE],2.697977670588496e-13,1.6032555531743655e-14,2.64,1.73e-15
2022-07-26 15:45,LUNA-c [SEE],7.403625302260136e-14,7.820792932757406e-15,11.0,1.19e-15
2022-07-26 15:45,01G9274 [SEE],6.662736402379689e-14,6.663189415867206e-15,10.0,9.877e-16
2022-07-26 15:45,ISM 16M [SEE],1.3647670202300663e-13,9.967681355531887e-15,5.0,1.24e-15
2022-07-26 15:50,93L422 [SEE],1.2743611468790337e-08,1.06974022606781e-09,6.5,1.418e-10
2022-07-26 15:50,93L422AM [SEE],2.8183332557211914e-08,2.365800669216257e-09,6.5,3.136e-10
2022-07-26 15:50,2901B [SEE],-1.312883915676765e-11,6.092841728655392e-11,48.0,1.52e-11
2022-07-26 15:50,2164 [SEE],9.505605407005213e-10,6.278740294248112e-11,3.5,7.2e-12
2022-07-26 15:50,HM6116 [SEE],8.985142390045954e-12,9.123173671565322e-12,40.0,2.116e-12
2022-07-26 15:50,D424100V [SEE],2.3487809997563456e-11,2.6176653992582143e-12,11.0,3.983e-13
2022-07-26 15:50,62256R [SEE],3.715208057015539e-11,3.6724605049713456e-12,9.0,5.292e-13
2022-07-26 15:50,HYB51410 [SEE],1.8233856087273514e-11,2.1531730544314137e-12,12.0,3.357e-13
2022-07-26 15:50,MB814100 [SEE],1.1891572313360558e-11,1.1036432882127023e-12,8.0,1.542e-13
2022-07-26 15:50,HM6516 [SEE],3.9408851008073414e-13,1.8703691862131184e-12,45.0,4.545e-13
2022-07-26 15:50,OW-62256 [SEE],1.480227715837127e-11,2.069953142301227e-12,15.0,3.443e-13
2022-07-26 15:50,SMJ44100 [SEE],7.576862117616054e-12,1.0019717258559443e-12,14.0,1.633e-13
2022-07-26 15:50,TC514100 [SEE],6.302341466992126e-12,1.309674440190528e-12,22.0,2.455e-13
2022-07-26 15:50,HM-65656 [SEE],4.656074981851898e-12,6.511063761580683e-13,15.0,1.083e-13
2022-07-26 15:50,MT4C1004 [SEE],5.622213922088124e-12,6.265835279067993e-13,11.0,9.534e-14
2022-07-26 15:50,MT4C4001 [SEE],4.5309812547200086e-12,4.4788473354280164e-13,9.0,6.454e-14
2022-07-26 15:50,KM41C4000 [SEE],5.188592797292382e-12,5.615132524288984e-13,10.5,8.435e-14
2022-07-26 15:50,6283H [SEE],6.601763609282772e-12,6.935059956982371e-13,10.0,1.028e-13
2022-07-26 15:50,Samsung 16M [SEE],7.734048246871911e-12,3.8085371722204854e-13,1.17,3.5e-14
2022-07-26 15:50,Hitachi 16M [SEE],3.2831111020728164e-12,1.6833820807778427e-13,1.4,1.6e-14
2022-07-26 15:50,Micron 16M [SEE],1.337396475742376e-12,7.692446815452768e-14,2.21,8e-15
2022-07-26 15:50,ISME 16M [SEE],2.65040901403904e-13,1.6032555531743655e-14,2.64,1.73e-15
2022-07-26 15:50,LUNA-c [SEE],7.017447626688555e-14,7.820792932757406e-15,11.0,1.19e-15
2022-07-26 15:50,01G9274 [SEE],6.342959063121201e-14,6.663189415867206e-15,10.0,9.877e-16
2022-07-26 15:50,ISM 16M [SEE],1.3266986113720987e-13,9.967681355531887e-15,5.0,1.24e-15
